date,delta_vix,sticky_strike_contribution,parallel_contribution,put_skew_contribution,call_skew_contribution,put_convexity_contribution,call_convexity_contribution,skew_contribution,convexity_contribution,higher_order_contribution,model_total,residual,explained_pct,proj_alpha,proj_beta_put,proj_gamma_put,proj_beta_call,proj_gamma_call,a_t,b_t,c_t,a_t1,b_t1,c_t1,delta_a,delta_b,delta_c,alpha_t,beta_t,gamma_t,alpha_t1,beta_t1,gamma_t1,alpha_t1_rf,beta_t1_rf,delta_alpha,delta_beta,delta_gamma,delta_beta_put,delta_gamma_put,delta_beta_call,delta_gamma_call,r2_t,r2_t1,n_k_t,k0_t1,F_t1,T_t1,dte_t1,vix_bs_t,delta_vix_synth,vix0,vix_ss,vix1,vix2,vix3,vix4,vix5
2023-01-05,0.3029363707979478,0.29529154343162034,0.20074114919395214,-0.21953963298522794,-0.0760489231881607,0.03791015428546629,0.06486078220043723,-0.29558855617338864,0.10277093648590352,-0.00027870214013958616,0.30321507293808736,-0.00027870214013958616,99.90799977585871,0.005727580055285737,0.04548972264522892,0.08444407821490173,-0.04885308878306973,0.5517962007366793,0.21317119821326672,-0.013970347377660576,0.02186854733373849,0.2064064645607383,-0.012030571398590506,0.029431204059738758,0.006764733652528415,-0.0010952626947826668,-0.011413199715460863,0.0036104570758430567,-0.013970347377660576,0.02186854733373849,0.0033849458349628388,-0.012030571398590506,0.029431204059738758,0.00351158059639216,-0.012875084682877909,9.887647945089686e-05,-0.0010952626947826668,-0.011413199715460863,-0.004746709794810563,-0.04755991061203439,0.00027776675464939726,0.004718955308585265,0.9600821176704731,0.9451636291146217,126,3850.0,3859.75,0.07945205479452055,29.0,22.090442541209548,0.2959871505798972,21.7875061704116,22.08279771384322,22.283538863037172,22.063999230051945,21.987950306863784,22.02586046114925,22.090721243349687
2023-01-06,-1.6439575942145268,-1.2988263987632855,-1.0144556858115337,0.5717929361051333,0.3477573754543144,-0.06778431630234394,-0.21381194179893726,0.9195503115594477,-0.2815962581012812,0.03137043690212593,-1.6753280311166527,0.03137043690212593,98.0917733515435,-0.007954916710812922,-0.09896490269474534,-0.052711244109153635,-0.03942361226192635,0.3756489670787492,0.19705786934442263,-0.011422348389422873,0.03853211594332844,0.21317119821326672,-0.013970347377660576,0.02186854733373849,-0.01611332886884409,0.0015857003634578253,0.017042694006057,0.0029788781051391213,-0.011422348389422873,0.03853211594332844,0.0036104570758430567,-0.013970347377660576,0.02186854733373849,0.0033123653255684024,-0.013008048752880698,-0.0003334872204292811,0.0015857003634578253,0.017042694006057,0.007840408986649597,0.07484011395565304,0.008441819083841388,-0.09494607689419432,0.9898252684083626,0.9600821176704731,129,3815.0,3817.55,0.07945205479452055,29.0,20.44648494699502,-1.6070140754662248,22.090442541209548,20.791616142446262,19.77716045663473,20.348953392739862,20.696710768194176,20.628926451891832,20.415114510092895
2023-01-09,0.837011492290717,-0.11725126426929933,0.8009114646310849,0.11611801588224324,0.24780883098412687,-0.08072234342726148,-0.14461918854910039,0.3639268468663701,-0.22534153197636186,0.01476597703892324,0.8222455152517938,0.01476597703892324,98.23586925927242,0.0010476488299891922,-0.041581816767034374,-0.24423613333894542,0.10017743011058543,-0.553010880876931,0.2005895349887001,-0.010454159823309868,0.04853695389995439,0.19705786934442263,-0.011422348389422873,0.03853211594332844,0.003531665644277482,0.0009643737509728179,0.011029205199842705,0.00319684571195207,-0.010454159823309868,0.04853695389995439,0.0029788781051391213,-0.011422348389422873,0.03853211594332844,0.0029799132104696554,-0.011418533574282685,0.0002169325014824146,0.0009643737509728179,0.011029205199842705,6.823534017158343e-05,0.0026415592442458197,0.0005503496764016833,0.004173585819500933,0.9909551947469808,0.9898252684083626,41,3900.0,3903.2,0.07671232876712329,28.0,21.283496439285738,0.8979939969676458,20.44648494699502,20.32923368272572,21.130145147356806,21.24626316323905,21.494071994223177,21.413349650795915,21.268730462246815
2023-01-10,-1.029872049176305,-0.36178828153672526,-0.7498580566886872,0.47210305530465035,-0.30443189751470356,-0.19893761544513566,0.11221563099384113,0.1676711577899468,-0.08672198445129453,0.0008251157104552931,-1.0306971648867602,0.0008251157104552931,99.91988172597604,-0.005503068717702307,-0.04328256931158853,-0.09174718907362861,-0.20408966996419448,1.071482105084614,0.19295165832609773,-0.012316320161023709,0.03869242251142262,0.2005895349887001,-0.010454159823309868,0.04853695389995439,-0.0076378766626023775,-0.0025003705873621624,-0.009844531388531766,0.002958027208419024,-0.012316320161023709,0.03869242251142262,0.00319684571195207,-0.010454159823309868,0.04853695389995439,0.003130213020058668,-0.009815949573661546,-0.000172185811639644,-0.0025003705873621624,-0.009844531388531766,-0.004020810847409455,-0.02488499919138738,-0.008356643555605505,0.05951040096952062,0.9735283209007708,0.9909551947469808,44,3900.0,3903.8,0.07945205479452055,29.0,20.253624390109433,-1.1289735762902104,21.283496439285738,20.921708157749013,20.171850101060325,20.643953156364976,20.339521258850272,20.140583643405137,20.252799274398978
2023-01-11,0.5643207815730698,-0.6124845736334983,0.4902040430079744,1.2401766340746576,0.0423779404220781,-0.6304864773767882,-0.050578522861918884,1.2825545744967357,-0.6810650002387071,0.08511173794056504,0.4792090436325047,0.08511173794056504,84.91784447432323,0.010081655958926091,-0.040915594372955076,0.04113852991617594,-0.01918832243868582,-0.9073973691337952,0.19911858182272715,-0.01358913018046868,0.029171889534208455,0.19295165832609773,-0.012316320161023709,0.03869242251142262,0.006166923496629423,-0.004357407292673478,-0.030175440036494527,0.0031501317237965167,-0.01358913018046868,0.029171889534208455,0.002958027208419024,-0.012316320161023709,0.03869242251142262,0.0028237551549236063,-0.009231722887795201,0.00032637656887291033,-0.004357407292673478,-0.030175440036494527,-0.0008474943056452303,0.007270065798536462,-0.004775950851956971,0.01605592954063015,0.9800226530050037,0.9735283209007708,43,3925.0,3929.55,0.07945205479452055,29.0,20.817945171682503,0.5810887535108549,20.253624390109433,19.641139816475935,20.13134385948391,21.371520493558567,21.413898433980645,20.783411956603857,20.732833433741938
2023-01-12,-2.5417293020563783,-0.26769180820828,-2.844487520890887,0.4626399286714289,0.32710638438735273,-0.12804715441651382,-0.05771567548492129,0.7897463130587816,-0.1857628299014351,-0.033533456114557936,-2.5081958459418203,-0.033533456114557936,98.68068341945667,-0.02290131574450429,-0.062154713043747194,-0.016579949729780802,0.14562937491358155,0.087522911897611,0.17183740833349376,-0.00999474526118657,0.07111370993530508,0.19911858182272715,-0.01358913018046868,0.029171889534208455,-0.027281173489233396,0.003371171930050581,0.04194182040109654,0.0023460678141928332,-0.00999474526118657,0.07111370993530508,0.0031501317237965167,-0.01358913018046868,0.029171889534208455,0.003098569099684867,-0.01336591719123715,-0.0007525012854920337,0.003371171930050581,0.04194182040109654,0.0031219722727678957,0.04016878007049131,0.011781313906900718,-0.07193619450382618,0.9927240514496126,0.9800226530050037,133,3975.0,3978.45,0.07945205479452055,29.0,18.276215869626125,-2.525753762916981,20.817945171682503,20.550253363474223,17.705765842583336,18.168405771254765,18.495512155642118,18.367465001225604,18.309749325740682
2023-01-13,-0.9035266998102927,-0.3901722519101938,-0.9273685679806931,0.7168029402262768,-0.12827189810893458,-0.23141795802404985,0.06840745080781474,0.5885310421173422,-0.1630105072162351,-0.011506414820512845,-0.8920202849897798,-0.011506414820512845,98.72649974561585,-0.009237402096004555,-0.15269695148138648,-0.33172661012421106,-0.035125209371855384,0.2675554057415696,0.16213449229618596,-0.010808343055640737,0.08064120259586607,0.17183740833349376,-0.00999474526118657,0.07111370993530508,-0.009702916037307802,-0.0013449870996114013,0.009956077442481684,0.0020165825221369195,-0.010808343055640737,0.08064120259586607,0.0023460678141928332,-0.00999474526118657,0.07111370993530508,0.002311314387110666,-0.009463355956029335,-0.0002947318649737466,-0.0013449870996114013,0.009956077442481684,-0.0015435553903155666,0.008177888903041997,-0.0007904717873131531,0.005488237045196465,0.9939531146922042,0.9927240514496126,133,3990.0,3993.7,0.07945205479452055,29.0,17.372689169815832,-0.9320875246424976,18.276215869626125,17.88604361771593,16.958675049735238,17.675477989961514,17.54720609185258,17.31578813382853,17.384195584636345
2023-01-17,1.777265826883415,0.02386137094050156,1.6164524704906746,0.4134858541772388,-0.10777016891987756,-0.27014105854667037,0.03440953648770417,0.30571568525736126,-0.2357315220589662,0.06696782225384368,1.7102980046295713,0.06696782225384368,96.23197491107578,0.01275810834188867,0.06470990307061787,0.08305235468442265,-0.08087070412232172,0.05585536663296806,0.17547120339019295,-0.013592041842055508,0.06331024383896708,0.16213449229618596,-0.010808343055640737,0.08064120259586607,0.013336711094006998,-0.00239266716373745,-0.01749680138357275,0.0024463401461832096,-0.013592041842055508,0.06331024383896708,0.0020165825221369195,-0.010808343055640737,0.08064120259586607,0.002042588244755571,-0.011199374678318058,0.00040375190142763863,-0.00239266716373745,-0.01749680138357275,-0.0023218190032613575,-0.01666187279286107,-0.0042044084117665095,0.021448338083863067,0.9948129490985924,0.9939531146922042,44,4005.0,4008.55,0.07671232876712329,28.0,19.149954996699247,1.8047819714789988,17.372689169815832,17.396550540756333,19.013003011247008,19.426488865424247,19.31871869650437,19.0485776379577,19.082987174445403
2023-01-18,0.678016981650142,1.015443733280172,-0.7466393540434417,-0.07399851783700839,0.4725076711302201,0.07563022169484412,-0.16026641778607242,0.3985091532932117,-0.0846361960912283,0.09533964521142835,0.5826773364387137,0.09533964521142835,85.93845762101815,0.0012179811989903569,0.10429112900777908,0.3182787001514793,0.09139589729652285,-0.03193846580133522,0.18477102823403022,-0.012915929498349056,0.06489853836274974,0.17547120339019295,-0.013592041842055508,0.06331024383896708,0.009299824843837262,0.002711896966225237,-0.00027396451517804066,0.0027125195982607205,-0.012915929498349056,0.06489853836274974,0.0024463401461832096,-0.013592041842055508,0.06331024383896708,0.002672204214703795,-0.015627826464574293,4.031538355692534e-05,0.002711896966225237,-0.00027396451517804066,0.0032572476659401724,0.004925147580263321,0.004508114832279633,-0.022960252295426947,0.9938169007644712,0.9948129490985924,47,3990.0,3998.9,0.07945205479452055,29.0,19.82797197834939,0.7737254191091374,19.149954996699247,20.16539872997942,19.418759375935977,19.34476085809897,19.81726852922919,19.892898750924033,19.73263233313796
2023-01-19,0.35096832784826404,0.6456602167350702,0.2718853897794986,-0.3151682226051662,-0.4048184795952139,0.07903658373028222,0.12861877384621323,-0.7199867022003801,0.20765535757649545,-0.054245934042420174,0.4052142618906842,-0.054245934042420174,84.54392327222399,0.0018692927495298746,0.026965467654996175,0.053460485382705036,-0.2985491141431857,1.9914375186608015,0.18381766663042604,-0.014441760295947077,0.07540855352232856,0.18477102823403022,-0.012915929498349056,0.06489853836274974,-0.0009533616036041803,-0.000615933979590224,0.01051001515957882,0.0026846002805429557,-0.014441760295947077,0.07540855352232856,0.0027125195982607205,-0.012915929498349056,0.06489853836274974,0.0028062514416026195,-0.013825826316356853,-0.00012165116105966383,-0.000615933979590224,0.01051001515957882,-0.007286882625957199,-0.04905549630207201,-0.008919771410534766,0.08732187085335033,0.9774169799329001,0.9938169007644712,208,3930.0,3936.65,0.07945205479452055,29.0,20.178940306197653,0.21533820014264649,19.82797197834939,20.47363219508446,20.745517584863958,20.43034936225879,20.025530882663578,20.10456746639386,20.233186240240073
2023-01-20,-0.805070858586955,-1.2859599830525212,0.31082381562546857,0.47943969365542927,-0.17304155702766977,-0.1751891288185945,0.0330707448442098,0.3063981366277595,-0.1421183839743847,0.005785556186722829,-0.8108564147736779,0.005785556186722829,99.28136062496691,0.004233631200563289,-0.060549889467775564,-0.10654252246087481,-0.1726821052632884,0.7649541916424517,0.17671770206046541,-0.013104203755737115,0.08219662953362153,0.18381766663042604,-0.014441760295947077,0.07540855352232856,-0.007099964569960621,-0.0013628186109951243,0.001132056150750807,0.0023956605320626847,-0.013104203755737115,0.08219662953362153,0.0026846002805429557,-0.014441760295947077,0.07540855352232856,0.0024322707379429453,-0.011741385144741991,-3.661020588026061e-05,-0.0013628186109951243,0.001132056150750807,0.0032928689502141305,0.041492720875698705,0.0018818852949118725,-0.04025526586368475,0.9894398323904956,0.9774169799329001,200,3905.0,3909.15,0.07945205479452055,29.0,19.373869447610698,-0.7780015144214012,20.178940306197653,18.89298032314513,19.2038041387706,19.68324383242603,19.51020227539836,19.335013146579765,19.368083891423975
2023-01-23,-0.21900519506211324,-1.2071611999023375,0.503850275762364,0.6038773957205592,-0.041347171541321615,-0.09134416132846113,0.009049050468856734,0.5625302241792376,-0.08229511085960439,0.004070615758227092,-0.22307581082034034,0.004070615758227092,98.14131543451624,0.007182491451519238,-0.10741922126933619,-0.127741499918815,-0.06366465704105471,0.07807669221396388,0.17836824398216775,-0.012248903955189645,0.08725775796810956,0.17671770206046541,-0.013104203755737115,0.08219662953362153,0.001650541921702331,-0.0012356449835213452,0.0024535904731531333,0.0021791253740604194,-0.012248903955189645,0.08725775796810956,0.0023956605320626847,-0.013104203755737115,0.08219662953362153,0.0022403736521787567,-0.0110132589716683,-6.124827811833725e-05,-0.0012356449835213452,0.0024535904731531333,-1.553879438482772e-05,0.013159198772267192,0.0003909279577769126,-0.017422166335358563,0.9926456007603339,0.9894398323904956,193,3975.0,3978.4,0.07671232876712329,28.0,19.154864252548585,-0.2245725902759652,19.373869447610698,18.16670824770836,18.670558523470724,19.274435919191284,19.233088747649962,19.1417445863215,19.150793636790358
2023-01-24,-0.1900186399898871,-0.002500824379538358,-0.28164385862550745,0.1733485534798902,-0.03769398746828756,-0.05663093024352861,0.011279732438410406,0.13565456601160264,-0.045351197805118204,0.0038226748086742646,-0.19384131479856137,0.0038226748086742646,97.98826325202742,-0.006962605847859328,0.014074923147268747,-0.11999542455252789,-0.11278581487740587,0.9106507644415197,0.1732848057501327,-0.016036372464172662,0.06547609444368889,0.17836824398216775,-0.012248903955189645,0.08725775796810956,-0.0050834382320350535,-0.0037896353941724234,-0.021781663524420625,0.002385756419758837,-0.016036372464172662,0.06547609444368889,0.0021791253740604194,-0.012248903955189645,0.08725775796810956,0.0021789732980646063,-0.012246737070000239,0.00020678312169423053,-0.0037896353941724234,-0.021781663524420625,-0.002341922350364796,-0.011088216081711233,-0.009074156313869704,0.08483101819843386,0.9878605278814305,0.9926456007603339,43,4025.0,4026.85,0.0684931506849315,25.0,18.964845612558697,-0.2038708332702832,19.154864252548585,19.152363428169046,18.87071956954354,19.04406812302343,19.00637413555514,18.949743205311613,18.961022937750023
2023-01-25,-0.2503458633622415,-0.020158761943712022,-0.13699287494642576,-0.33658374930997326,0.11021319405366725,0.17812899777038282,-0.05220383143181806,-0.226370555256306,0.12592516633856476,0.0072511624456375046,-0.257597025807879,0.0072511624456375046,97.10354213636623,-0.0024381391465182647,0.037190883518179736,0.10377234046265382,0.14146356882250824,-1.0828837821472872,0.17099397752130396,-0.01365208644243583,0.07523300302715075,0.1732848057501327,-0.016036372464172662,0.06547609444368889,-0.0022908282288287285,0.0024835076334412624,0.009756908583461718,0.0023230938907072055,-0.01365208644243583,0.07523300302715075,0.002385756419758837,-0.016036372464172662,0.06547609444368889,0.0023979446634183207,-0.016135594075877092,-7.485077271111515e-05,0.0024835076334412624,0.009756908583461718,0.0021143053246722512,0.005896132253772779,0.007628666072423771,-0.08238567208987402,0.9926446211204499,0.9878605278814305,48,4025.0,4026.9,0.07945205479452055,29.0,18.714499749196456,-0.20856632941190512,18.964845612558697,18.944686850614985,18.80769397566856,18.471110226358586,18.581323420412254,18.759452418182637,18.70724858675082
2023-01-26,-0.5550165857569667,-0.6485856945078403,0.004261802982210128,0.21823711119472833,-0.07899894283364972,-0.11231652060789088,0.02328321864167293,0.1392381683610786,-0.08903330196621795,0.039102439373802866,-0.5941190251307695,0.039102439373802866,92.9547259708514,0.0007074122872653315,-0.061548516297641576,-0.1632544654529458,-0.020564694471718464,0.054594105585466894,0.16730456411715172,-0.012448244663344534,0.07794769597938808,0.17099397752130396,-0.01365208644243583,0.07523300302715075,-0.003689413404152242,-0.00040403509931542445,0.0007439702398892578,0.0022239279398862297,-0.012448244663344534,0.07794769597938808,0.0023230938907072055,-0.01365208644243583,0.07523300302715075,0.0021809390627461067,-0.01204420956402911,4.2988877140123e-05,-0.00040403509931542445,0.0007439702398892578,0.0013471022862580496,0.020137292336913602,0.0035034760525376393,-0.05087985167887406,0.9966662550718546,0.9926446211204499,128,4020.0,4023.85,0.07945205479452055,29.0,18.15948316343949,-0.4962339966763878,18.714499749196456,18.065914054688616,18.070175857670826,18.288412968865554,18.209414026031904,18.097097505424014,18.120380724065686
2023-01-27,-0.428577848072095,-0.38569821875023536,-0.0659715639016234,0.18119560913401855,-0.2447716223479226,-0.010109465172266852,0.1058323696892991,-0.06357601321390405,0.09572290451703225,-0.009054956723364427,-0.41952289134873055,-0.009054956723364427,97.88720841170465,-0.0006936922320790668,-0.039385089175349365,-0.04329551225657654,-0.1831712271269478,1.5699635399684886,0.16432710500340672,-0.014045042315936382,0.0679259014546879,0.16730456411715172,-0.012448244663344534,0.07794769597938808,-0.0029774591137450013,-0.001970053255538293,-0.0100217945247002,0.0020714935021545707,-0.014045042315936382,0.0679259014546879,0.0022239279398862297,-0.012448244663344534,0.07794769597938808,0.002194570322978055,-0.012074989060398089,-0.00012307682082348444,-0.001970053255538293,-0.0100217945247002,-0.002270181065817273,-0.012665375198778334,-0.0035782841391008204,0.032287554550491704,0.9977717746498592,0.9966662550718546,135,4065.0,4067.35,0.07945205479452055,29.0,17.730905315367394,-0.5275957931929334,18.15948316343949,17.773784944689254,17.70781338078763,17.88900898992165,17.644237367573727,17.63412790240146,17.73996027209076
2023-01-30,1.7387716931730637,0.7285947903129895,1.621360896737361,-0.45962517549562776,-0.35350075346807586,0.08251815976416665,0.1433454448588236,-0.8131259289637036,0.22586360462299027,-0.023921669536573376,1.762693362709637,-0.023921669536573376,98.62422021070984,0.011359382102093205,0.17157031308428913,0.37423930741013434,-0.17672710138933886,0.8032040703801956,0.1763263515392212,-0.014913166202284382,0.07607096061275433,0.16432710500340672,-0.014045042315936382,0.0679259014546879,0.011999246535814467,0.000815797992588501,0.006741706566518971,0.002470242425114678,-0.014913166202284382,0.07607096061275433,0.0020714935021545707,-0.014045042315936382,0.0679259014546879,0.0022545195558176146,-0.015728964194872883,0.00021572286929706338,0.000815797992588501,0.006741706566518971,-0.004408023546947842,-0.04002499802125349,-0.004776244161039774,0.048790152439440626,0.9819588113129815,0.9977717746498592,203,4075.0,4077.1,0.07671232876712329,28.0,19.469677008540458,1.6776752874592553,17.730905315367394,18.459500105680384,20.080861002417745,19.621235826922117,19.26773507345404,19.350253233218208,19.49359867807703
2023-01-31,-0.6280434207516734,-0.9569047759402736,-0.02536753172278594,0.4532657569768972,-0.002759445775307512,-0.11209068364242114,-0.018077746905596825,0.4505063112015897,-0.13016843054801797,0.03389100625781438,-0.6619344270094878,0.03389100625781438,94.60371605879543,-0.00038624790634613393,-0.0547199039922565,-0.01129886999537162,0.08233605138135729,-1.3351219692945306,0.16964134846995746,-0.013755271151922977,0.08454282112166091,0.1763263515392212,-0.014913166202284382,0.07607096061275433,-0.0066850030692637286,-0.0009561818051036387,0.005683046121000027,0.0022864860992067417,-0.013755271151922977,0.08454282112166091,0.002470242425114678,-0.014913166202284382,0.07607096061275433,0.002264885807667584,-0.012799089346819338,2.160029153915749e-05,-0.0009561818051036387,0.005683046121000027,0.0032708258334962492,0.03991139395447282,0.0027993208338596247,-0.048644365732851136,0.9929595955286386,0.9819588113129815,46,4025.0,4026.4,0.07945205479452055,29.0,18.841633587788785,-0.48640083443986626,19.469677008540458,18.512772232600184,18.4874047008774,18.940670457854296,18.937911012078988,18.825820328436567,18.80774258153097
2023-02-01,-0.9299984014561709,-0.8202260484833133,-0.1884769582269712,0.6366087616096152,-0.3544254361577295,-0.2789682568599616,0.09970154359750083,0.28218332545188574,-0.1792667132624608,-0.024212006935311337,-0.9057863945208595,-0.024212006935311337,97.39655391908192,-0.0033840567977009785,-0.16212276489695104,-0.5443036864708407,-0.29177394342716884,2.0097125601504877,0.164955986091739,-0.0151721778401059,0.07955652028180642,0.16964134846995746,-0.013755271151922977,0.08454282112166091,-0.004685362378218455,-0.003109326077625575,-0.006569152407377654,0.002161928337198471,-0.0151721778401059,0.07955652028180642,0.0022864860992067417,-0.013755271151922977,0.08454282112166091,0.002151364552519695,-0.012062851762480325,1.056378467877584e-05,-0.003109326077625575,-0.006569152407377654,-0.0036335559786684034,-0.013404787033541941,-0.011789621545044298,0.08954211484363545,0.977635510178992,0.9929595955286386,47,4080.0,4083.3,0.07945205479452055,29.0,17.911635186332614,-1.1426694655478578,18.841633587788785,18.02140753930547,17.8329305810785,18.469539342688115,18.115113906530386,17.836145649670424,17.935847193267925
2023-02-02,-0.6534480303373016,-1.1124809479406252,-1.0297367180757853,0.7571846375641229,2.449725621445058,-0.24169563733171984,-1.54241181393526,3.206910259009181,-1.78410745126698,0.06596682793690789,-0.7194148582742095,0.06596682793690789,89.9048088181004,-0.009119066432390377,-0.17004371349708208,-0.4047950473763875,1.3959382904037334,-12.959889910383156,0.1537335796765988,-0.006228332204770439,0.14374493839023078,0.164955986091739,-0.0151721778401059,0.07955652028180642,-0.01122240641514019,0.0066160170121449995,0.06178556858256837,0.001877770937219873,-0.006228332204770439,0.14374493839023078,0.002161928337198471,-0.0151721778401059,0.07955652028180642,0.0019516960424209662,-0.012844349216915438,-7.392510520109314e-05,0.0066160170121449995,0.06178556858256837,0.010095139815177897,0.09837758309171551,0.036023653793926344,-0.3916034464260312,0.9516750313037056,0.977635510178992,128,4125.0,4125.15,0.07945205479452055,29.0,17.258187155995312,-0.06143664816945815,17.911635186332614,16.79915423839199,15.769417520316203,16.526602157880326,18.976327779325384,18.734632141993664,17.192220328058404
2023-02-03,0.2978598911532764,0.2792553998268055,1.3706354338450133,-0.8431662917270586,-1.04760806206939,0.26035086820711584,0.30255417141063745,-1.8907743537964485,0.5629050396177533,-0.02416162833984714,0.3220215194931235,-0.02416162833984714,91.88825717813287,0.01115194861295512,0.13657998401403698,0.28942249482065685,-0.8836863485206875,7.021341924355035,0.16089499371678836,-0.012993733164314427,0.08959786125498503,0.1537335796765988,-0.006228332204770439,0.14374493839023078,0.007161414040189551,-0.0037347027352579356,-0.04936555953077368,0.0019858673207877,-0.012993733164314427,0.08959786125498503,0.001877770937219873,-0.006228332204770439,0.14374493839023078,0.0019660369382560865,-0.009259030429056491,1.983038253161335e-05,-0.0037347027352579356,-0.04936555953077368,-0.003911891356104371,-0.051882969829230574,-0.020399517812690785,0.1973644728911568,0.9991130862787075,0.9516750313037056,145,4185.0,4185.35,0.07945205479452055,29.0,17.55604704714859,-0.1205009450638741,17.258187155995312,17.537442555822118,18.90807798966713,18.064911697940072,17.017303635870682,17.2776545040778,17.580208675488436
2023-02-06,1.0312625337465349,0.33507103144178885,0.7419222720344401,0.02479353292968156,-0.02763501269180324,-0.05488831214606549,-0.00851864776288025,-0.002841479762121679,-0.06340695990894574,0.020517669941373384,1.0107448638051615,0.020517669941373384,98.01043194434365,0.005330922280375508,0.10773636687912486,0.23255801082700103,-0.15342071084615827,0.8779248559477547,0.16482300035953362,-0.013616533719430992,0.0921693189646504,0.16089499371678836,-0.012993733164314427,0.08959786125498503,0.003928006642745258,0.00037724719365926813,0.002932844327758116,0.0021584438958302627,-0.013616533719430992,0.0921693189646504,0.0019858673207877,-0.012993733164314427,0.08959786125498503,0.0020619281863206163,-0.01399378091309026,9.651570950964649e-05,0.00037724719365926813,0.002932844327758116,-0.002010115739405932,-0.018163111014207076,-0.0019435697319206448,0.018123121006572818,0.9941618961906314,0.9991130862787075,48,4140.0,4143.0,0.07671232876712329,28.0,18.587309580895123,1.0375516062072663,17.55604704714859,17.891118078590377,18.633040350624817,18.6578338835545,18.630198870862696,18.57531055871663,18.56679191095375
2023-02-07,-0.8749276453641812,-0.8507462507715466,-0.11339673576373599,-0.09292139366199947,0.24349294179842573,0.10127176335938515,-0.1565331528924574,0.15057154813642626,-0.05526138953307225,-0.006094817432252597,-0.8688328279319286,-0.006094817432252597,99.30339183307944,-0.005069590162161764,-0.05416385399064331,-0.07450445055819449,0.39598469675881204,-3.936302270241341,0.15659395097225406,-0.010518877389585676,0.09604919305698259,0.16482300035953362,-0.013616533719430992,0.0921693189646504,-0.008229049387279558,0.0007585746107331044,0.00171037184110244,0.0019482967094573164,-0.010518877389585676,0.09604919305698259,0.0021584438958302627,-0.013616533719430992,0.0921693189646504,0.0019927510016930538,-0.01127745200031878,-4.445429223573732e-05,0.0007585746107331044,0.00171037184110244,0.004735201879887645,0.03816611257298411,0.012043084665973074,-0.14034645320832373,0.9781707656287854,0.9941618961906314,44,4120.0,4120.0,0.07945205479452055,29.0,17.712381935530942,-0.7531007396745792,18.587309580895123,17.736563330123577,17.62316659435984,17.53024520069784,17.773738142496267,17.875009905855652,17.718476752963195
2023-02-08,1.6300147507942846,0.5758478154801878,2.170739332498634,-0.6462856598249722,-0.879654929173249,0.1961892453727465,0.24512728301902698,-1.5259405889982212,0.4413165283917735,-0.03194833657808971,1.6619630873723743,-0.03194833657808971,98.0399970882152,0.015335788850943867,0.09632913100827808,0.20031701923118359,-0.7753716736116301,5.921200821390724,0.17134355043304184,-0.01685409781546498,0.07334061478316911,0.15659395097225406,-0.010518877389585676,0.09604919305698259,0.014749599460787771,-0.0041690919250945944,-0.02270857827381352,0.002332602071164412,-0.01685409781546498,0.07334061478316911,0.0019482967094573164,-0.010518877389585676,0.09604919305698259,0.002079121840054134,-0.012685005890370384,0.000253480231110278,-0.0041690919250945944,-0.02270857827381352,-0.008824895029639488,-0.07253458416136961,-0.02302111264175178,0.20762670328019533,0.9751259955326806,0.9781707656287854,48,4170.0,4173.8,0.07945205479452055,29.0,19.342396686325227,1.4001907103852993,17.712381935530942,18.28822975101113,20.458969083509764,19.812683423684792,18.933028494511543,19.12921773988429,19.374345022903317
2023-02-09,0.8378497217507856,0.5222010823620451,1.104410102064186,-1.0260469755764845,-0.04901980115740301,0.310203167496379,0.009297479532577313,-1.0750667767338875,0.3195006470289563,-0.03319533297051436,0.8710450547213,-0.03319533297051436,96.03803258403562,0.011793991393652874,0.13533406247033447,0.2843336044430597,-0.02390018811304498,0.013371948982387267,0.1866442225078974,-0.01857101084615502,0.0534756301769828,0.17134355043304184,-0.01685409781546498,0.07334061478316911,0.015300672074855554,-0.00038854536359743744,-0.017494036703993687,0.002767797008415747,-0.01857101084615502,0.0534756301769828,0.002332602071164412,-0.01685409781546498,0.07334061478316911,0.002505501640226766,-0.018182465482557583,0.0002622953681889811,-0.00038854536359743744,-0.017494036703993687,0.0004271547879267541,-0.008670808143973495,0.0022436847548248373,-0.025399766596853446,0.9914387993556693,0.9751259955326806,128,4125.0,4127.0,0.07945205479452055,29.0,20.180246408076012,0.8948175796058351,19.342396686325227,19.864597768687272,20.969007870751458,19.942960895174974,19.89394109401757,20.20414426151395,20.213441741046527
2023-02-10,-0.5031175230857166,-0.3625660073882706,-0.6192441245920577,0.28410260847691404,0.30636082837176914,-0.06368015861091791,-0.12633714741651403,0.5904634368486832,-0.19001730602743194,0.07824647807336049,-0.581364001159077,0.07824647807336049,84.4476738569033,-0.004602567433063282,-0.027640283689641203,-0.01923057621362918,0.19040893407938525,-1.308993752106667,0.1842348505759954,-0.016162133957756064,0.04743820306409172,0.1866442225078974,-0.01857101084615502,0.0534756301769828,-0.0024093719319019935,0.002125738727952513,-0.00618779239122947,0.0026038066977240055,-0.016162133957756064,0.04743820306409172,0.002767797008415747,-0.01857101084615502,0.0534756301769828,0.0027187946526958835,-0.018287872685708577,-0.00011498795497187804,0.002125738727952513,-0.00618779239122947,0.004024650248422773,0.012529744098492876,0.004177475914405215,-0.03953060070272943,0.994724319729432,0.9914387993556693,131,4085.0,4087.5,0.07945205479452055,29.0,19.677128884990296,-0.4368106575196542,20.180246408076012,19.817680400687742,19.198436276095684,19.482538884572598,19.788899712944367,19.72521955433345,19.598882406916935
2023-02-13,0.6219293810532065,-0.21454367894207138,0.825794917687741,0.17398150048423489,-0.03570051858259404,-0.09759630620858673,-0.05650353422337773,0.13828098190164084,-0.15409984043196445,0.02649700083786044,0.5954323802153461,0.02649700083786044,95.73954830804277,0.007200524930543816,-0.024792588161439748,-0.07900687796968724,-0.023657614234794642,-0.816123934741372,0.18686439207421054,-0.01766309102971015,0.053488786688273046,0.1842348505759954,-0.016162133957756064,0.04743820306409172,0.002629541498215149,-0.0024942032388674297,0.0064518113052638715,0.002866170681416213,-0.01766309102971015,0.053488786688273046,0.0026038066977240055,-0.016162133957756064,0.04743820306409172,0.0024391746125214,-0.01516888779084272,0.00042699606889481283,-0.0024942032388674297,0.0064518113052638715,-0.0035790497588837136,-0.005977518151395498,-0.007046654870226057,0.033614231717201626,0.9878451035776783,0.994724319729432,45,4095.0,4098.3,0.07671232876712329,28.0,20.299058266043502,0.574714561896922,19.677128884990296,19.462585206048225,20.288380123735966,20.4623616242202,20.426661105637606,20.32906479942902,20.272561265205642
2023-02-14,-1.8908282602286377,-0.1508596972374221,-2.2837286319244257,0.15947234992721349,0.6345876213025434,-0.025851595456224175,-0.25644701774013257,0.7940599712297569,-0.28229861319635674,0.03199871089980988,-1.9228269711284476,0.03199871089980988,98.30768814001433,-0.020213163301846315,-0.026077668066838998,-0.02605063238617718,0.4444233692473682,-2.940702019380696,0.16824797263788435,-0.012735847593831043,0.07339335045318507,0.18686439207421054,-0.01766309102971015,0.053488786688273046,-0.018616419436326193,0.0047839914840234875,0.01990456376491205,0.0023235318183311726,-0.012735847593831043,0.07339335045318507,0.002866170681416213,-0.01766309102971015,0.053488786688273046,0.0028426142328502736,-0.01751983907785453,-0.000519082414519101,0.0047839914840234875,0.01990456376491205,0.008118699094250182,0.053759224715895775,0.019085082766282804,-0.1610309721645619,0.9762135328971226,0.9878451035776783,47,4140.0,4141.85,0.08208219178082192,29.96,18.408230005814865,-1.7077949516209614,20.299058266043502,20.14819856880608,17.864469936881655,18.023942286808868,18.65852990811141,18.632678312655187,18.376231294915055
2023-02-15,-0.43262973382446646,-0.18804585651006178,0.18607580910707355,0.3485490302067973,-0.6735668104003842,-0.21617169216433751,0.2054229507937464,-0.32501778019358696,-0.01074874137059112,-0.09489316485730015,-0.3377365689671663,-0.09489316485730015,78.06596323871679,0.001666444742056203,-0.055452219697804415,-0.2029284080353763,-0.6885893582418224,5.706483851499552,0.1635986338998608,-0.016486551028327114,0.06879405267213087,0.16824797263788435,-0.012735847593831043,0.07339335045318507,-0.004649338738023562,-0.004033570412058412,-0.00459929778105421,0.0021968898901272996,-0.016486551028327114,0.06879405267213087,0.0023235318183311726,-0.012735847593831043,0.07339335045318507,0.002299261609721904,-0.012452980616268702,-0.00010237171959460436,-0.004033570412058412,-0.00459929778105421,-0.010090312701091581,-0.05884538687198505,-0.01685527115585333,0.16279039198589687,0.9856892724785692,0.9762135328971226,194,4140.0,4147.4,0.08208219178082192,29.96,17.9756002719904,-0.7462015799346098,18.408230005814865,18.220184149304803,18.406259958411876,18.754808988618674,18.08124217821829,17.865070486053952,18.0704934368477
2023-02-16,1.284623277063801,0.9713869343605239,-0.40905470285226286,0.3429500426062191,0.7337036826837391,-0.025182719884202953,-0.33416497158702185,1.0766537252899582,-0.3593476914712248,0.004985011736806655,1.2796382653269944,0.004985011736806655,99.61194757826584,-0.0013771359297368262,-0.006341925106088442,0.14074897907473927,0.442066363172043,-3.0371318597451022,0.17382426690431846,-0.016469515016999718,0.07847716840975706,0.1635986338998608,-0.016486551028327114,0.06879405267213087,0.010225633004457668,0.0018038315144358642,0.011829355395144014,0.0023973227456145084,-0.016469515016999718,0.07847716840975706,0.0021968898901272996,-0.016486551028327114,0.06879405267213087,0.0024383540790345664,-0.018273346531435582,-4.103133342005802e-05,0.0018038315144358642,0.011829355395144014,0.0050019213842527575,0.04064440859915547,0.009483779742501586,-0.07191325061050287,0.9975915553201846,0.9856892724785692,199,4155.0,4155.4,0.08208219178082192,29.96,19.2602235490542,1.5866812825274081,17.9756002719904,18.946987206350922,18.53793250349866,18.88088254610488,19.614586228788617,19.589403508904415,19.255238537317393
2023-02-17,-0.37348408096665153,0.06932710098436345,-0.1520643021932102,-0.15904055835244435,-0.3663094427961191,0.06918633379469696,0.15561057697336267,-0.5253500011485635,0.22479691076805963,0.009806210622699041,-0.3832902915893506,0.009806210622699041,97.37439662827968,-0.0018357071514665069,0.015386405079773504,0.033192311042662966,-0.32383481629961314,3.1631672210060064,0.17214092787945035,-0.01637021951727177,0.06992881781070073,0.17382426690431846,-0.016469515016999718,0.07847716840975706,-0.0016833390248681135,0.0005921169748542912,-0.008434112792857398,0.0022699306122506836,-0.01637021951727177,0.06992881781070073,0.0023973227456145084,-0.016469515016999718,0.07847716840975706,0.002450429706118648,-0.01696233649212606,-0.00018049909386796438,0.0005921169748542912,-0.008434112792857398,-0.001251987058196024,-0.024971396323113453,-0.005129785742426465,0.06187360348631925,0.9941326864957978,0.9975915553201846,200,4100.0,4100.0,0.07934246575342466,28.96,18.886739468087548,-0.5199592815615013,19.2602235490542,19.329550650038563,19.177486347845353,19.018445789492908,18.65213634669679,18.721322680491486,18.87693325746485
2023-02-21,3.8172134121344214,2.070868136035589,2.4133723053941516,-0.7955865178086832,0.04237104478882969,0.16559499658087162,-0.0671369721730315,-0.7532154730198535,0.09845802440784013,-0.012269580683305747,3.829482992817727,-0.012269580683305747,99.67857231549321,0.020880385806218666,0.10512246282192007,0.1318119365715648,0.026868361756854715,-0.74357896553047,0.20522962111288492,-0.021430281659248217,0.06833727290610067,0.17214092787945035,-0.01637021951727177,0.06992881781070073,0.03308869323343458,-0.0023111864790814236,-0.0017532123291996993,0.003457236037174968,-0.021430281659248217,0.06833727290610067,0.0022699306122506836,-0.01637021951727177,0.06992881781070073,0.0026172945394234734,-0.019119095180166794,0.0008399414977514948,-0.0023111864790814236,-0.0017532123291996993,-0.008608269637657893,-0.05873843079296043,-0.008041070594825433,0.05657140379044995,0.9758045341045368,0.9941326864957978,50,4085.0,4087.1,0.0766027397260274,27.96,22.70395288022197,3.8303891527366183,18.886739468087548,20.957607604123137,23.37097990951729,22.575393391708605,22.617764436497435,22.783359433078306,22.716222460905275
2023-02-22,-0.4766199194016316,0.17389465548999894,-0.5902734716720808,-0.03478059383984444,-0.14858415236079736,0.049401058048566426,0.05972505779958226,-0.1833647462006418,0.10912611584814869,0.013997527132943333,-0.49061744653457495,0.013997527132943333,97.06316782762323,-0.005274052345295832,0.0028180757269099083,0.029194601872329366,-0.12276357562506893,0.9358038350847838,0.19973446930795058,-0.022706532574463086,0.06516598886762913,0.20522962111288492,-0.021430281659248217,0.06833727290610067,-0.005495151804934345,-0.0009723968069917828,-0.0031712840384715557,0.0032745753220895083,-0.022706532574463086,0.06516598886762913,0.003457236037174968,-0.021430281659248217,0.06833727290610067,0.0035052174864134695,-0.021734135767471303,-0.0002306421643239612,-0.0009723968069917828,-0.0031712840384715557,-0.003565163717389651,-0.037091044314864464,-0.002390410617869619,0.02640492799502034,0.967692414099438,0.9758045341045368,141,4000.0,4007.7,0.08208219178082192,29.96,22.227332960820338,-0.5958291337009989,22.70395288022197,22.877847535711968,22.287574064039887,22.252793470200043,22.104209317839246,22.153610375887812,22.213335433687394
2023-02-23,-1.6872384006783712,-0.8530586171590535,-1.2376708263905165,-0.0652036736452608,0.6815365005502443,0.082235582695521,-0.31482470472696633,0.6163328269049835,-0.23258912203144533,0.019747337997660708,-1.7069857386760319,0.019747337997660708,98.82960594129905,-0.01052184628320617,0.017818441454725234,0.06906971336697786,0.44922347579839517,-3.132508635483766,0.19053631665228601,-0.017630686830333604,0.05341427117845353,0.19973446930795058,-0.022706532574463086,0.06516598886762913,-0.009198152655664565,0.00441479992739004,-0.014230452569976404,0.002880455855946984,-0.017630686830333604,0.05341427117845353,0.0032745753220895083,-0.022706532574463086,0.06516598886762913,0.0031416838603244295,-0.022045486757723644,-0.0002612280043774455,0.00441479992739004,-0.014230452569976404,0.012962122009891882,0.07386282572603331,0.010560209111588965,-0.084460823136983,0.9931725191795041,0.967692414099438,152,3995.0,3998.8,0.08208219178082192,29.96,20.540094560141966,-1.5152769597722866,22.227332960820338,21.374274343661284,20.136603517270768,20.071399843625507,20.75293634417575,20.835171926871272,20.520347222144306
2023-02-24,0.39366293743827896,0.5740148142187635,-0.054662025739148135,-0.2675271036109024,-0.06093247790554912,0.11350913724432843,0.06918243137423019,-0.3284595815164515,0.18269156861855862,0.02007816185655642,0.37358477558172254,0.02007816185655642,94.89965654699094,-0.0012691467713970696,0.03878328510146882,0.10910525592862415,0.06988395920599966,-0.13721840727404022,0.19598792991571287,-0.01668917583297452,0.053500494617908935,0.19053631665228601,-0.017630686830333604,0.05341427117845353,0.005451613263426858,0.0020775691580252158,9.41666899557797e-05,0.0029424084166772405,-0.01668917583297452,0.053500494617908935,0.002880455855946984,-0.017630686830333604,0.05341427117845353,0.0030740640567763814,-0.018766744990999736,-0.00013165564009914085,0.0020775691580252158,9.41666899557797e-05,-0.00013493423210638594,-0.02303970037183563,-0.0006827906194600865,0.030010428855927127,0.9821951110086469,0.9931725191795041,153,4020.0,4021.4,0.07934246575342466,28.96,20.933757497580245,0.34880184325470154,20.540094560141966,21.11410937436073,21.059447348621582,20.79192024501068,20.73098776710513,20.84449690434946,20.91367933572369
2023-02-27,-0.3966811670901258,0.3363601759070569,-0.5839645346253342,0.10400982244383883,-0.22411910134848867,-0.14365146289155817,0.10269391235697967,-0.12010927890464984,-0.0409575505345785,0.011990021067379786,-0.4086711881575056,0.011990021067379786,96.97741610590359,-0.005356315324733739,-0.015322276330541392,-0.12594952660671127,-0.19563886552588722,1.8400378794289756,0.1919875159553142,-0.019749718161916674,0.025363061622524535,0.19598792991571287,-0.01668917583297452,0.053500494617908935,-0.0040004139603986855,-0.003368018576675534,-0.028137432995384366,0.0030254844389848027,-0.019749718161916674,0.025363061622524535,0.0029424084166772405,-0.01668917583297452,0.053500494617908935,0.0028948924602572473,-0.01638169958524114,0.00013059197872755538,-0.003368018576675534,-0.028137432995384366,-0.0020953311207617398,-0.012774977446623231,-0.013376424541977256,0.1266513157827137,0.9665979497693651,0.9821951110086469,44,3975.0,3978.85,0.0766027397260274,27.96,20.53707633049012,-0.5061349967641569,20.933757497580245,21.270117673487302,20.686153138861968,20.790162961305807,20.56604385995732,20.42239239706576,20.52508630942274
2023-02-28,-0.813728726056862,0.04947577929137381,-1.7563641981748326,0.19619231063224873,1.439770303883332,-0.043832810493391605,-0.753524716687437,1.6359626145155808,-0.7973575271808286,0.054554605491844654,-0.8682833315487066,0.054554605491844654,93.29572574435176,-0.016047687810891095,-0.03488660070633201,-0.05288854240363404,0.9041994233262445,-7.181844562194257,0.18369022531567658,-0.012430532521918516,0.054451520177614475,0.1919875159553142,-0.019749718161916674,0.025363061622524535,-0.008297290639637606,0.007356064881857444,0.029088458555090027,0.0027696254310703014,-0.012430532521918516,0.054451520177614475,0.0030254844389848027,-0.019749718161916674,0.025363061622524535,0.0030398564158942818,-0.01978659740377596,-0.0002702309848239804,0.007356064881857444,0.029088458555090027,0.013862601553437003,0.0916624726463063,0.03300090754114056,-0.32606744399926985,0.9420489278631051,0.9665979497693651,46,3990.0,3990.3,0.08208219178082192,29.96,19.723347604433258,-0.5280186667326916,20.53707633049012,20.586552109781493,18.83018791160666,19.02638022223891,20.46615052612224,20.42231771562885,19.668792998941413
2023-03-01,0.7044384542295781,0.3556523370414695,1.1906821982035716,-0.5255945690418429,-0.5390485871011172,0.14245014572988524,0.13530748351725919,-1.0646431561429601,0.2777576292471444,-0.05501055411964728,0.7594490083492254,-0.05501055411964728,92.19086439853564,0.010591612881833409,0.08281980523861222,0.13542965116417377,-0.4134518449684674,2.2541121575920946,0.19024856115607863,-0.01658155171156621,0.03968515634820841,0.18369022531567658,-0.012430532521918516,0.054451520177614475,0.006558335840402052,-0.003437212777866336,-0.014766363829406076,0.002970925123446212,-0.01658155171156621,0.03968515634820841,0.0027696254310703014,-0.012430532521918516,0.054451520177614475,0.002853440846902389,-0.013144338933699873,0.00011748427654382316,-0.003437212777866336,-0.014766363829406076,-0.010821222472589324,-0.08449096159905771,-0.022854468941387113,0.21649312871950135,0.9828250433312067,0.9420489278631051,212,3980.0,3987.4,0.08208219178082192,29.96,20.427786058662836,0.4317295412235822,19.723347604433258,20.078999941474727,21.2696821396783,20.744087570636456,20.20503898353534,20.347489129265224,20.482796612782483
2023-03-02,-1.127003673804687,-0.7455291923927234,-0.3019763434946263,-0.28139957727409026,0.22409785295112172,0.1307035519372377,-0.11881437985163146,-0.05730172432296854,0.011889172085606248,-0.034085585679974884,-1.092918088124712,-0.034085585679974884,96.97555682627863,-0.002096310926736441,0.05834609907011329,0.1595174897987497,0.142587945577302,-1.3481042560901861,0.18322466308855354,-0.014220685813600859,0.036726077370281045,0.19024856115607863,-0.01658155171156621,0.03968515634820841,-0.007023898067525097,0.0014820088093576624,-0.007879623981443602,0.0026636279086765698,-0.014220685813600859,0.036726077370281045,0.002970925123446212,-0.01658155171156621,0.03968515634820841,0.002835563186959791,-0.01570269462295852,-0.00017193527828322135,0.0014820088093576624,-0.007879623981443602,0.006155681648198082,0.03343476492346877,0.006130908311721587,-0.05757455218954881,0.9930537901227954,0.9828250433312067,206,3960.0,3961.35,0.08208219178082192,29.96,19.30078238485815,-1.0504044830441863,20.427786058662836,19.682256866270112,19.380280522775486,19.098880945501396,19.322978798452517,19.453682350389755,19.334867970538124
2023-03-03,-1.2077090147698328,-1.1132478031053132,-0.5128883027590163,0.5700373478487428,-0.07692695565257068,-0.12789417994101626,0.052787816697712486,0.49311039219617214,-0.07510636324330378,0.00042306214162834976,-1.2081320769114612,0.00042306214162834976,99.96496986141078,-0.004555906251378788,-0.11782882298629403,-0.1723355481044166,-0.061403243492320465,0.6912514579569154,0.17101432175646497,-0.012909227552121736,0.05598623322998847,0.18322466308855354,-0.014220685813600859,0.036726077370281045,-0.012210341332088565,0.00012558923533497607,0.019930707021772555,0.0022403159313787164,-0.012909227552121736,0.05598623322998847,0.0026636279086765698,-0.014220685813600859,0.036726077370281045,0.002445083402245135,-0.013034816787456712,-0.00020476747086641857,0.00012558923533497607,0.019930707021772555,-0.0009925359261823488,0.009525371376669704,7.845923100654323e-06,0.00320466153596774,0.9845019206817437,0.9930537901227954,203,3985.0,3989.8,0.07934246575342466,28.96,18.093073370088316,-1.2852559280591223,19.30078238485815,18.187534581752836,17.67464627899382,18.244683626842562,18.16775667118999,18.039862491248975,18.092650307946688
2023-03-06,0.19262135624212462,0.2994597270488413,-0.21873514204014555,-0.030441279299576962,0.34250567991641745,0.021578689110182125,-0.20944889241821585,0.3120644006168405,-0.18787020330803372,-0.01229742607537787,0.2049187823175025,-0.01229742607537787,93.61575148504299,-0.0020639043986954617,0.00995826743592062,0.03927089987224537,0.2042546063672243,-2.044148576035067,0.17144228492957203,-0.013175644948422244,0.060936098554864045,0.17101432175646497,-0.012909227552121736,0.05598623322998847,0.0004279631731070599,-0.0004126694218337876,0.0049498653248755825,0.002412597297462197,-0.013175644948422244,0.060936098554864045,0.0022403159313787164,-0.012909227552121736,0.05598623322998847,0.002223550150384219,-0.012762975526588456,0.00018904714707797818,-0.0004126694218337876,0.0049498653248755825,-0.00037306099324564343,-0.00046644843657920806,-0.0018147068526737434,0.006239846105070945,0.9760480624436413,0.9845019206817437,36,4055.0,4055.1,0.0766027397260274,27.96,18.28569472633044,0.3172461509250937,18.093073370088316,18.392533097137157,18.17379795509701,18.143356675797435,18.485862355713852,18.507441044824034,18.29799215240582
2023-03-07,0.9139308873963756,0.9294134627784096,0.2945405387561699,-0.46802664396089355,-0.10698566405837795,0.17972285949470646,0.09006413783828648,-0.5750123080192715,0.26978699733299294,-0.004797803451925375,0.918728690848301,-0.004797803451925375,99.47503651336334,0.002673653875576436,0.09109844462997042,0.2709389876725477,-0.08242967061670471,1.3618767220862324,0.18001580131327982,-0.01524238617247008,0.04250591433740833,0.17144228492957203,-0.013175644948422244,0.060936098554864045,0.008573516383707791,-0.00021597681157597623,-0.017652062919354346,0.0026599299565067637,-0.01524238617247008,0.04250591433740833,0.002412597297462197,-0.013175644948422244,0.060936098554864045,0.002634880425493146,-0.015026409360894104,2.5049531013617704e-05,-0.00021597681157597623,-0.017652062919354346,-0.0001974203378941712,-0.017965888607631358,-0.00021597187833484813,0.02287543809042375,0.9885238934069909,0.9760480624436413,91,4040.0,4060.4,0.08208219178082192,29.96,19.199625613726816,0.8310516211921488,18.28569472633044,19.21510818910885,19.50964872786502,19.041622083904127,18.93463641984575,19.114359279340455,19.20442341717874
2023-03-08,-0.5175548483559389,0.00805219780288624,-0.7075266461469276,-0.08238023463103517,0.2759821948032055,0.06762326005000929,-0.1013429809433859,0.19360196017217035,-0.033719720893376603,0.02203736070930873,-0.5395922090652476,0.02203736070930873,95.7420241005736,-0.007342298458796135,-0.015716871048950677,0.015082771514853559,0.20920992630757462,-1.2747330120019527,0.1737663180567809,-0.012373961315754307,0.053540869822194755,0.18001580131327982,-0.01524238617247008,0.04250591433740833,-0.006249483256498933,0.0027419831726790724,0.011034955484786377,0.0023957245920757787,-0.012373961315754307,0.053540869822194755,0.0026599299565067637,-0.01524238617247008,0.04250591433740833,0.002637353342680518,-0.01511594448843338,-0.0002416287506047392,0.0027419831726790724,0.011034955484786377,0.0042130902508845415,0.025486034548637144,0.006626743159144431,-0.05161729326397768,0.9952077491932055,0.9885238934069909,93,3990.0,3997.45,0.08208219178082192,29.96,18.682070765370877,-0.4399045136910438,19.199625613726816,19.207677811529702,18.500151165382775,18.41777093075174,18.693753125554945,18.761376385604954,18.66003340466157
2023-03-09,2.7111387549928807,1.0856350029416468,1.2787758381346919,0.008383378804019515,0.4426509715175406,0.05846220031246219,-0.18042180670608232,0.45103435032156014,-0.12195960639362013,0.017653169988602002,2.6934855850042787,0.017653169988602002,99.34886512333271,0.016285722825614322,0.027693506319077785,0.07067451895603659,0.26768896484052174,-1.7748020718799118,0.2020929428468535,-0.01302515844973606,0.05063141133216867,0.1737663180567809,-0.012373961315754307,0.053540869822194755,0.028326624790072613,0.0014372219744026183,-0.004488555968677754,0.0031285752028934366,-0.01302515844973606,0.05063141133216867,0.0023957245920757787,-0.012373961315754307,0.053540869822194755,0.0026454491595607806,-0.014462380424138678,0.000483126043332656,0.0014372219744026183,-0.004488555968677754,0.005835477301372535,0.04294051551748722,0.005169054240447328,-0.05008342788180106,0.95511494262331,0.9952077491932055,93,4000.0,4003.4,0.07934246575342466,28.96,21.393209520363758,2.8966094483581557,18.682070765370877,19.767705768312524,21.046481606447216,21.054864985251236,21.497515956768776,21.55597815708124,21.375556350375156
2023-03-10,2.376760346595976,0.9436475330362768,2.016832636423711,1.280857536468286,-1.2801989734112205,-0.882300977558522,0.4150870110921083,0.0006585630570654644,-0.46721396646641367,-0.11716441945466372,2.4939247660506396,-0.11716441945466372,95.0704150873912,0.012753815458443075,-0.19857181182397352,-0.49236106120402684,-0.9279915740801523,6.954895108121861,0.21553256206748722,-0.02250056440685293,0.06576211858881939,0.2020929428468535,-0.01302515844973606,0.05063141133216867,0.01343961922063372,-0.007709896242961796,0.010539048597499635,0.0034312535123141815,-0.02250056440685293,0.06576211858881939,0.0031285752028934366,-0.01302515844973606,0.05063141133216867,0.003326021079688378,-0.014790668163891135,0.00010523243262580348,-0.007709896242961796,0.010539048597499635,-0.017677275318404684,-0.10320396110930852,-0.02173114672163558,0.17640461273367872,0.9752284195999162,0.95511494262331,106,3925.0,3928.05,0.0766027397260274,27.96,23.769969866959734,2.123621967794822,21.393209520363758,22.336857053400035,24.353689689823746,25.63454722629203,24.35434825288081,23.47204727532229,23.887134286414398
2023-03-13,2.443111906903461,-0.2174980043977932,3.111069248192724,-0.571867271244539,0.10333710127796891,0.19818162252333593,-0.18853133615537487,-0.46853016996657004,0.009650286367961058,0.00842054670713921,2.4346913601963216,0.00842054670713921,99.65533520247905,0.016294108707015656,0.13354375976449975,0.19158096743594036,-0.06794063322786006,-0.31850745522035107,0.2305262626585268,-0.024787592329003565,0.0533368746635539,0.21553256206748722,-0.02250056440685293,0.06576211858881939,0.014993700591039577,-0.002145870074414486,-0.012425243925265575,0.004222269521873793,-0.024787592329003565,0.0533368746635539,0.0034312535123141815,-0.02250056440685293,0.06576211858881939,0.003455477899255163,-0.02264172225458908,0.00076679162261863,-0.002145870074414486,-0.012425243925265575,-0.003814036115337892,-0.019493795614474077,-0.006166192191062729,0.019976259164850296,0.9673613129055664,0.9752284195999162,52,3865.0,3868.85,0.07386301369863014,26.96,26.213081773863195,2.4697407388557195,23.769969866959734,23.55247186256194,26.663541110754664,26.091673839510126,26.195010940788094,26.39319256331143,26.204661227156056
2023-03-14,-2.903679942543029,-1.2856964317542499,-2.2276377283235966,0.775567466024583,0.11144141886817494,-0.2020405707858508,-0.0729310564827621,0.887008884892758,-0.2749716272686129,-0.0023830400893274373,-2.9012969024537014,-0.0023830400893274373,99.91793034575153,-0.012181695418095984,-0.059882309372280625,-0.04934542963255309,-0.011759625678222845,-0.4981419309363003,0.20950668403857525,-0.02233311426624166,0.05263208509083411,0.2305262626585268,-0.024787592329003565,0.0533368746635539,-0.021019578619951546,0.0007704870389607307,-0.004884217076370809,0.0034873930658858706,-0.02233311426624166,0.05263208509083411,0.004222269521873793,-0.024787592329003565,0.0533368746635539,0.003822403696221109,-0.02310360130520239,-0.00033501063033523817,0.0007704870389607307,-0.004884217076370809,0.005774500333162676,0.04517164299040609,0.0007872738304243593,-0.025945800221586462,0.9832170601376723,0.9673613129055664,44,3860.0,3864.7,0.07945205479452055,29.0,23.309401831320166,-2.930718020676398,26.213081773863195,24.927385342108945,22.699747613785348,23.47531507980993,23.586756498678106,23.384715927892255,23.311784871409493
2023-03-15,2.5045376201738634,0.7240896493596303,1.786246097316809,0.8841962834569337,-0.4133326550331766,-0.5878077997873667,0.13382516784368903,0.47086362842375706,-0.4539826319436777,-0.022679122982655286,2.5272167431565187,-0.022679122982655286,99.09447864548025,0.017209518828211267,-0.07088303805911095,-0.2119481961690649,-0.4277512323379485,2.781866977203094,0.22766954808819392,-0.02969240988610192,0.07027698101503849,0.20950668403857525,-0.02233311426624166,0.05263208509083411,0.01816286404961867,-0.006538817106940469,0.0176448959242044,0.004118271974448743,-0.02969240988610192,0.07027698101503849,0.0034873930658858706,-0.02233311426624166,0.05263208509083411,0.0036646654734383156,-0.02315359277916145,0.0004536065010104272,-0.006538817106940469,0.0176448959242044,-0.012506236086987393,-0.045244783895287806,-0.017457884399595953,0.13497886407975984,0.9617679693292976,0.9832170601376723,45,3925.0,3928.3,0.07945205479452055,29.0,25.81393945149403,2.4342536588489168,23.309401831320166,24.033491480679796,25.819737577996605,26.70393386145354,26.290601206420362,25.702793406632995,25.836618574476685
2023-03-16,-3.459213368939153,-1.9292120262400942,-2.055897797593108,0.04383522053628752,0.8278719862338733,-0.0076542573648836765,-0.4094150830682288,0.8717072067701608,-0.4170693404331125,0.07125858855700073,-3.530471957496154,0.07125858855700073,97.94003488779146,-0.015812883882089512,-0.01170127110351592,0.02496203749093171,0.5050813586088584,-3.2989355814672563,0.19688932513398488,-0.020058999976793886,0.09395039618732202,0.22766954808819392,-0.02969240988610192,0.07027698101503849,-0.03078022295420904,0.0069798573523231315,0.0156396952947557,0.0030799911895883956,-0.020058999976793886,0.09395039618732202,0.004118271974448743,-0.02969240988610192,0.07027698101503849,0.0035565746044573785,-0.027038857329117018,-0.00047658341486898296,0.0069798573523231315,0.0156396952947557,0.010358173987440464,0.054184861053589106,0.020800815734513638,-0.1738582905219121,0.9941638898547461,0.9617679693292976,147,3890.0,3897.8,0.07945205479452055,29.0,22.354726082554876,-3.175945961446569,25.81393945149403,23.884727425253935,21.828829627660827,21.872664848197115,22.700536834430988,22.692882577066104,22.283467493997875
2023-03-17,2.5451809136258206,0.8095001456197295,2.2130635841510724,-0.19533807040833295,-0.4473384857365339,-0.015120666869336219,0.14122343488024924,-0.6426765561448669,0.12610276801091302,0.03919097198897248,2.505989941636848,0.03919097198897248,98.46018914493816,0.023809111316644132,0.0916784446364301,0.15851247211483804,-0.4904626175451701,2.9106079441406942,0.22245065916301202,-0.026318840601680684,0.07193100675116873,0.19688932513398488,-0.020058999976793886,0.09395039618732202,0.025561334029027133,-0.0040027097907106915,-0.021314186089440468,0.003796055565308601,-0.026318840601680684,0.07193100675116873,0.0030799911895883956,-0.020058999976793886,0.09395039618732202,0.0033397316190066514,-0.022316130810969993,0.0004563239463019498,-0.0040027097907106915,-0.021314186089440468,-0.007944775860758636,-0.06087997110032276,-0.011190809744324359,0.07103860206359222,0.987033972721045,0.9941638898547461,146,3970.0,3972.5,0.07945205479452055,29.0,24.899906996180697,2.391899144996337,22.354726082554876,23.164226228174606,25.377289812325678,25.181951741917345,24.73461325618081,24.719492589311475,24.860716024191724
2023-03-20,-1.2778908491353604,-1.1566457848594922,0.164794970943813,-0.20550891641739355,-0.20230059385813703,0.09857168617377354,0.05815125849403202,-0.4078095102755306,0.15672294466780556,-0.03495346961195622,-1.2429373795234042,-0.03495346961195622,97.26475311756037,-0.006504057319001031,0.005709408511223509,-0.08595615278543468,-0.05999849226431918,0.15151287995277152,0.20822803371947743,-0.026131622217020006,0.06738641224224025,0.22245065916301202,-0.026318840601680684,0.07193100675116873,-0.014222625443534587,-0.001155997229968373,-0.0058877709021702695,0.0034449548130786713,-0.026131622217020006,0.06738641224224025,0.003796055565308601,-0.026318840601680684,0.07193100675116873,0.0035504617342829144,-0.024975624987051633,-0.0001055069212042431,-0.001155997229968373,-0.0058877709021702695,0.0002482086779323975,0.0028866842021279585,-0.004125424793961989,0.03533911212227059,0.9809607284854504,0.987033972721045,48,3920.0,3924.5,0.07671232876712329,28.0,23.622016147045336,-1.308758478848091,24.899906996180697,23.743261211321204,23.908056182265017,23.702547265847624,23.500246671989487,23.59881835816326,23.656969616657292
2023-03-21,-2.3130031523348045,-1.1982870108710273,-1.0247569818891584,-0.39647557972421055,0.2515351722719892,0.10689998563850978,-0.08018703140619365,-0.14494040745222136,0.026712954232316122,0.02826829364528649,-2.341271445980091,0.02826829364528649,98.77785321577484,-0.008580619628303268,0.0626620343609642,0.1528196916282188,0.12671450424501055,-0.49565235547734593,0.1913142308031459,-0.018406257471712293,0.0892358863296536,0.20822803371947743,-0.026131622217020006,0.06738641224224025,-0.016913802916331516,0.005962516625067797,0.014113735311876013,0.002908035376236116,-0.018406257471712293,0.0892358863296536,0.0034449548130786713,-0.026131622217020006,0.06738641224224025,0.003107049101800203,-0.02436877409678009,-0.00019901372556408716,0.005962516625067797,0.014113735311876013,0.00741656486359725,0.028018091964161402,0.011926160181838345,-0.1373901337955672,0.9841600419366018,0.9809607284854504,46,3960.0,3961.65,0.07945205479452055,29.0,21.309012994710532,-2.2946110107535524,23.622016147045336,22.42372913617431,21.39897215428515,21.00249657456094,21.25403174683293,21.36093173247144,21.280744701065245
2023-03-22,0.12839213889099454,0.9898986090379154,-0.8147870117237446,-0.4613539817856669,0.3920184046498463,0.209837303610513,-0.16044968477979538,-0.06933557713582061,0.04938761883071763,-0.026771500118073277,0.15516363900906782,-0.026771500118073277,79.14864543163162,-0.00875141291778436,0.01350375490142859,0.016117352511950074,0.5141433152165795,-3.740576243670047,0.19556669823631673,-0.0170442545036778,0.0734329770060989,0.1913142308031459,-0.018406257471712293,0.0892358863296536,0.0042524674331708145,0.00480929393229022,0.00715871679586004,0.0030387497816783088,-0.0170442545036778,0.0734329770060989,0.002908035376236116,-0.018406257471712293,0.0892358863296536,0.003194472374090885,-0.02185354843596802,-0.0001557225924125761,0.00480929393229022,0.00715871679586004,0.009000467243708878,0.050946074001388286,0.019249291805739813,-0.17429678724986292,0.9792639385350203,0.9841600419366018,48,4010.0,4012.7,0.07945205479452055,29.0,21.437405133601526,0.30669305464969554,21.309012994710532,22.298911603748447,21.484124592024703,21.022770610239036,21.414789014888882,21.624626318499395,21.4641766337196
2023-03-23,0.3702331881900385,0.09435194734868446,0.5638872308506997,0.23593946898057894,-0.5117723908270371,-0.15677372305705006,0.17456091288932285,-0.27583292184645813,0.017787189832272787,-0.029960257995160333,0.4001934461851988,-0.029960257995160333,91.9077330312749,0.003950675289030666,-0.0634685611682741,-0.1724004098372713,-0.4072388317613625,2.974127454943325,0.19476936978313458,-0.020273136977512807,0.07741259006277136,0.19556669823631673,-0.0170442545036778,0.0734329770060989,-0.0007973284531821445,-0.003453169021517013,0.003979613056672396,0.0030140222322352418,-0.020273136977512807,0.07741259006277136,0.0030387497816783088,-0.0170442545036778,0.0734329770060989,0.0030128918842625934,-0.016819967955995795,1.1303479726483198e-06,-0.003453169021517013,0.003979613056672396,-0.008912982690210701,-0.04613671625444677,-0.013581238130473723,0.12491812458674739,0.9937928985198794,0.9792639385350203,202,3950.0,3958.6,0.07945205479452055,29.0,21.807638321791565,0.30884854253634586,21.437405133601526,21.53175708095021,22.09564431180091,22.33158378078149,21.819811389954452,21.663037666897402,21.837598579786725
2023-03-24,-0.49977407960535203,-0.42026465882448605,0.016003945158537647,0.23830667015413454,-0.4167952040588965,-0.0630718349117565,0.13898677924096603,-0.17848853390476194,0.07591494432920953,0.007060223636148777,-0.5068343032415008,0.007060223636148777,98.58731696495266,0.0002656120930062822,-0.02236660515946628,-0.020584548430086346,-0.3332272607597841,2.3338994767145143,0.19113756771998514,-0.020785075331620967,0.07029248207908409,0.19476936978313458,-0.020273136977512807,0.07741259006277136,-0.0036318020631494474,-0.001044316139032643,-0.007788776732764208,0.0028025752170672148,-0.020785075331620967,0.07029248207908409,0.0030140222322352418,-0.020273136977512807,0.07741259006277136,0.002941115826839944,-0.019740759192588324,-0.0001385406097727292,-0.001044316139032643,-0.007788776732764208,-0.004723770312083552,-0.04023692007167399,-0.0057533967218775205,0.0443649194976051,0.9829271314319085,0.9937928985198794,202,3960.0,3964.65,0.07945205479452055,29.0,21.307864242186213,-0.7431150019164683,21.807638321791565,21.38737366296708,21.403377608125616,21.64168427827975,21.224889074220854,21.161817239309098,21.300804018550064
2023-03-27,-1.0657876832100186,-0.31397353877654055,-0.8015462491807739,-0.30448935817205225,0.24076099256798145,0.17076386391594056,-0.08175235579275508,-0.0637283656040708,0.08901150812318548,0.02444896222818116,-1.0902366454381998,0.02444896222818116,97.70601944333379,-0.006329782819759164,0.11465069167175722,0.2630347062668453,0.054929524256061756,-0.30561582667371967,0.18326209842447508,-0.020707440614367124,0.045242040687010196,0.19113756771998514,-0.020785075331620967,0.07029248207908409,-0.007875469295510057,-0.00022842106491269623,-0.02597126876266284,0.002668396999587172,-0.020707440614367124,0.045242040687010196,0.0028025752170672148,-0.020785075331620967,0.07029248207908409,0.002751558369702001,-0.020479019549454427,-8.316137011482897e-05,-0.00022842106491269623,-0.02597126876266284,0.0031832104675639412,0.0003509317230107169,-0.004290803744334111,0.06160946746750645,0.9718232031498011,0.9829271314319085,46,3975.0,3978.6,0.07671232876712329,28.0,20.242076558976194,-1.010992442905433,21.307864242186213,20.993890703409672,20.1923444542289,19.887855096056846,20.128616088624828,20.299379952540768,20.217627596748013
2023-03-28,-0.7533539749950329,0.0038806253579224403,-0.8585838763518083,-0.1628890470810731,0.21858329751091077,0.10040284038277747,-0.06971685660869298,0.055694250429837666,0.03068598377408449,0.01496904179493086,-0.7683230167899637,0.01496904179493086,98.0130134980665,-0.007200396016573199,0.018290548260328724,0.03409474758660794,0.1324706576790046,-0.6227689811335112,0.17782643848430388,-0.01889193763764602,0.04482411645584699,0.18326209842447508,-0.020707440614367124,0.045242040687010196,-0.0054356599401712,0.0019472037344963194,-0.00041792423116328997,0.0025124521219077956,-0.01889193763764602,0.04482411645584699,0.002668396999587172,-0.020707440614367124,0.045242040687010196,0.0026986327949199184,-0.02083914137214234,-0.0001861806730121228,0.0019472037344963194,-0.00041792423116328997,0.002464106726698237,0.0039308380860867236,0.004821827217093046,-0.03139852913368474,0.9710593547538484,0.9718232031498011,62,3980.0,3987.75,0.07945205479452055,29.0,19.48872258398116,-0.7319067719243186,20.242076558976194,20.245957184334117,19.38737330798231,19.224484260901235,19.443067558412146,19.543470398794923,19.47375354218623
2023-03-29,-0.6328994086868214,-1.0638826050645847,0.6727903859503606,-0.02870153312099788,-0.19636506132836473,-0.030275131926483567,0.05285510292967999,-0.2250665944493626,0.02257997100319642,-0.03932056612643109,-0.5935788425603903,-0.03932056612643109,93.78723291778455,0.0019465893217367532,-0.03129136899246922,-0.1003824877939252,-0.08606240488203239,0.48242161095704766,0.1713268009097458,-0.01498563851812626,0.07192554790484984,0.17782643848430388,-0.01889193763764602,0.04482411645584699,-0.00649963757455807,0.0025885446771011164,0.024734881579895118,0.002332146050928939,-0.01498563851812626,0.07192554790484984,0.0025124521219077956,-0.01889193763764602,0.04482411645584699,0.0022488982883278868,-0.017574183195227376,8.324776260105202e-05,0.0025885446771011164,0.024734881579895118,0.0025843685737710516,0.024436635706469416,0.005138883156291456,-0.10760026660510602,0.978029079465595,0.9710593547538484,47,3980.0,3981.95,0.07945205479452055,29.0,18.85582317529434,-0.616579296589606,19.48872258398116,18.424839978916577,19.097630364866937,19.06892883174594,18.872563770417575,18.84228863849109,18.89514374142077
2023-03-30,-0.37253843431957634,-0.5925836681876788,-0.20150746877682124,0.8323193477891664,-0.03818166915412036,-0.37548918271922815,-0.008122907651387123,0.794137678635046,-0.3836120903706153,0.011027114380492975,-0.3835655487000693,0.011027114380492975,97.04000624777589,-0.00014698826036703026,-0.14724674101337906,-0.3592888524429951,-0.027200075685300164,-0.17152980089490627,0.1661044128385972,-0.016076584139601793,0.08667461991836409,0.1713268009097458,-0.01498563851812626,0.07192554790484984,-0.005222388071148609,-0.001909509386108628,0.01474907201351422,0.002192135898545751,-0.016076584139601793,0.08667461991836409,0.002332146050928939,-0.01498563851812626,0.07192554790484984,0.002249201410880961,-0.014167074753493165,-5.706551233521009e-05,-0.001909509386108628,0.01474907201351422,-0.004050433191919608,-0.0003044423790883183,0.0006215930954952993,-5.622522298981414e-05,0.9895335645946733,0.978029079465595,205,4030.0,4039.2,0.07945205479452055,29.0,18.483284740974764,-0.4062520294223866,18.85582317529434,18.26323950710666,18.06173203832984,18.894051386119006,18.855869716964886,18.480380534245658,18.47225762659427
2023-03-31,-0.689291057770955,-1.3457045711088824,0.4685543006645325,0.3027280382130435,0.013989881947239269,-0.09679305339203736,-0.07032297581518776,0.3167179201602828,-0.16711602920722513,0.038257321720337245,-0.7275483794912923,0.038257321720337245,94.44975801020041,0.004446332934023625,-0.05107129387287895,-0.10386020659384233,-0.08833775445318914,0.06411478186427269,0.16155405453953714,-0.01470991308157903,0.08535087655423564,0.1661044128385972,-0.016076584139601793,0.08667461991836409,-0.004550358299060059,-0.0011287365929836621,-0.0057913587203859,0.0020021697289550264,-0.01470991308157903,0.08535087655423564,0.002192135898545751,-0.016076584139601793,0.08667461991836409,0.0019632733999155995,-0.013581176488595368,3.889632903942685e-05,-0.0011287365929836621,-0.0057913587203859,0.0009360771000159925,0.012040767374321373,0.0007448506573207447,-0.03888879678682414,0.9946200443927694,0.9895335645946733,198,4060.0,4062.25,0.07945205479452055,29.0,17.79399368320381,-0.6683424606220854,18.483284740974764,17.13758016986588,17.606134470530414,17.908862508743457,17.922852390690696,17.82605933729866,17.75573636148347
2023-04-03,0.05952248379956515,-0.5347946365350467,0.6598907861020606,-0.12349325320021975,0.06807666102292487,0.07331733456163292,-0.060026371751636276,-0.05541659217729489,0.013290962809996643,-0.023448036400150585,0.08297052019971574,-0.023448036400150585,60.606421467375185,-0.006381752902721797,0.03337651302583373,0.06917755168954853,0.12371795875381576,-1.0279155334135803,0.1531253374712804,-0.013917641024181896,0.08375065673332262,0.16155405453953714,-0.01470991308157903,0.08535087655423564,-0.008428717068256736,9.60279067420515e-05,-0.002478573040225737,0.0018629416446441422,-0.013917641024181896,0.08375065673332262,0.0020021697289550264,-0.01470991308157903,0.08535087655423564,0.001940374575653807,-0.014013668930923947,-7.743293100966487e-05,9.60279067420515e-05,-0.002478573040225737,0.0023047950286569276,0.014738380768163,0.0014776086377288403,-0.00429989210562276,0.9954393433654251,0.9946200443927694,43,4120.0,4120.75,0.07671232876712329,28.0,17.853516167003374,0.10367474831435786,17.79399368320381,17.259199046668762,17.919089832770823,17.795596579570603,17.863673240593528,17.93699057515516,17.876964203403524
2023-04-04,0.7290372829450575,0.5325402017473166,0.3854514155508859,-0.009405392497495058,-0.2994798306386848,-0.020363670229031072,0.1270548345055893,-0.30888522313617983,0.10669116427655823,0.013239724506476591,0.715797558438581,0.013239724506476591,98.1839441114736,0.012874457101507888,0.07677735838894341,0.2160669637083307,-0.4575404767219227,3.835301973927519,0.16453045071620515,-0.018339014241819114,0.06291787357894234,0.1531253374712804,-0.013917641024181896,0.08375065673332262,0.011405113244924742,-0.0033479922835873595,-0.01913596190125294,0.002150788512803975,-0.018339014241819114,0.06291787357894234,0.0018629416446441422,-0.013917641024181896,0.08375065673332262,0.0019585913655926863,-0.014991021958231755,0.00019219714721128859,-0.0033479922835873595,-0.01913596190125294,-0.006639564595952999,-0.04884565230247089,-0.011166197673718573,0.1160847762677916,0.9771458759555152,0.9954393433654251,48,4130.0,4137.6,0.07945205479452055,29.0,18.58255344994843,0.6290206067741728,17.853516167003374,18.38605636875069,18.771507784301576,18.76210239180408,18.462622561165396,18.442258890936365,18.569313725441955
2023-04-05,0.12442797914234305,0.13986642623876477,-0.30091998100164474,-0.05469483638474415,0.43826295148529226,0.039413064807291676,-0.21804843256803608,0.3835681151005481,-0.1786353677607444,0.0805487865654193,0.04387919257692374,0.0805487865654193,35.26473135654389,-0.006635596774964726,-0.02917557291255106,-0.11485628459384832,0.47224378780506476,-4.158088791130642,0.16530134356554946,-0.015733925147585676,0.06551358282353038,0.16453045071620515,-0.018339014241819114,0.06291787357894234,0.0007708928493443123,0.002879329610173273,0.0025957092445880736,0.002170990387267668,-0.015733925147585676,0.06551358282353038,0.002150788512803975,-0.018339014241819114,0.06291787357894234,0.002191054532375012,-0.01861325475775895,-2.0064145107344302e-05,0.002879329610173273,0.0025957092445880736,0.00574731015197549,0.02879550883863136,0.011139305087313683,-0.12534587172986777,0.9950747673023885,0.9771458759555152,54,4110.0,4111.2,0.07945205479452055,29.0,18.706981429090774,0.24557582973198677,18.58255344994843,18.722419876187196,18.42149989518555,18.366805058800807,18.8050680102861,18.84448107509339,18.626432642525355
2023-04-06,-0.8483776002630634,-0.5459518201365121,0.027588587697700007,-0.2172859004847041,-0.2021706540407493,0.04382692197994231,0.05526078112782784,-0.4194565545254534,0.09908770310777015,-0.009645516406568078,-0.8387320838564953,-0.009645516406568078,98.8630632864921,0.004206765434003351,0.051633550091161474,0.12141024377110779,-0.2506004416835798,1.7646533475064066,0.16533000291638397,-0.016083261978237794,0.0545843791699572,0.16530134356554946,-0.015733925147585676,0.06551358282353038,2.865935083451454e-05,-0.0008132462244856298,-0.01092920365357318,0.002171743249494834,-0.016083261978237794,0.0545843791699572,0.002170990387267668,-0.015733925147585676,0.06551358282353038,0.0021161047482516617,-0.015270015753752164,5.5638501243172184e-05,-0.0008132462244856298,-0.01092920365357318,-0.0010476336691198143,-0.012852355468811041,-0.0035012481128928463,0.015978558158913164,0.9935487774475312,0.9950747673023885,138,4100.0,4102.25,0.07945205479452055,29.0,17.85860382882771,-0.8965415759741333,18.706981429090774,18.161029608954262,18.188618196651962,17.971332296167258,17.76916164212651,17.81298856410645,17.86824934523428
2023-04-10,0.6793195677819774,-0.3903341041941033,0.3984428721124864,1.1821352842092452,-0.01803748773534153,-0.567898681579706,0.010033026455268157,1.1640977964739037,-0.5578656551244379,0.06497865851412854,0.6143409092678489,0.06497865851412854,90.43474358816307,-0.00042378972925051814,-0.048059044627968894,-0.11759065475098093,-0.17384451480138358,1.7230017831050923,0.16353413543287174,-0.01794453580278007,0.05346539893870864,0.16533000291638397,-0.016083261978237794,0.0545843791699572,-0.0017958674835122368,-0.0019487477338520146,-0.0011189802312485536,0.002124819150963091,-0.01794453580278007,0.05346539893870864,0.002171743249494834,-0.016083261978237794,0.0545843791699572,0.0021588912213265257,-0.015995788068928055,-3.4072070363434705e-05,-0.0019487477338520146,-0.0011189802312485536,-0.0030074059200327595,-0.010873902187424234,-0.005949475685653058,0.07386237743221355,0.9846935059842516,0.9935487774475312,47,4115.0,4116.8,0.07945205479452055,29.0,18.53792339660969,0.6180163455284564,17.85860382882771,17.468269724633608,17.866712596746094,19.04884788095534,19.030810393219998,18.46291171164029,18.47294473809556
2023-04-11,0.3335855109292325,-0.026118583928603556,0.042404989601479315,0.33548828483847615,0.15848706390758238,-0.13274829357762385,-0.07392454893305356,0.49397534874605853,-0.2066728425106774,0.029996599020975623,0.3035889119082569,0.029996599020975623,91.00782317031174,0.006564154502522271,0.003064754506527712,-0.0013263318387474053,-0.01763768830329841,0.04019717473136404,0.16900983880866047,-0.01849663554348358,0.05661105697758819,0.16353413543287174,-0.01794453580278007,0.05346539893870864,0.005475703375788732,-0.000640305071723489,0.003145658038879555,0.0022694943638623356,-0.01849663554348358,0.05661105697758819,0.002124819150963091,-0.01794453580278007,0.05346539893870864,0.00211005339907855,-0.01785633047176009,0.0001594409647837857,-0.000640305071723489,0.003145658038879555,-0.0002855123732241581,0.006146075777848779,-0.00012659619588229615,-0.006111717644829873,0.9877514020841195,0.9846935059842516,48,4120.0,4120.1,0.07945205479452055,29.0,18.87150890753892,0.3751745742334016,18.53792339660969,18.511804812681085,18.554209802282564,18.88969808712104,19.048185151028623,18.915436857451,18.841512308517945
2023-04-12,-0.1548023459534349,0.3169429269755284,-0.6485323699875316,-0.056621978824743735,0.1269622940639401,0.11670539774570443,-0.021829656579299694,0.07034031523919637,0.09487574116640474,0.011571040652967213,-0.1663733866064021,0.011571040652967213,92.5252808142534,-0.007583560208271256,-0.03699144472399936,-0.04382711709479016,0.24243028014123294,-1.6860144399397743,0.1668543118019136,-0.017039605347094706,0.06913151460942497,0.16900983880866047,-0.01849663554348358,0.05661105697758819,-0.0021555270067468713,0.00197579579540421,0.012520457631836679,0.0022119739168214134,-0.017039605347094706,0.06913151460942497,0.0022694943638623356,-0.01849663554348358,0.05661105697758819,0.0023554314370271816,-0.019015401142498917,-0.00014345752020576827,0.00197579579540421,0.012520457631836679,0.0029515616528207195,0.022091053106966647,0.007776972251511163,-0.07281522562189413,0.9948342250048017,0.9877514020841195,48,4120.0,4123.5,0.07945205479452055,29.0,18.716706561585486,-0.05297043592744188,18.87150890753892,19.18845183451445,18.539919464526918,18.483297485702174,18.610259779766114,18.72696517751182,18.70513552093252
2023-04-13,-1.3233980200655324,-1.0235740178733366,-0.3558979734973313,0.22016527678904652,-0.10862685170456388,-0.05358973160951663,0.03781019484280179,0.11153842508448264,-0.01577953676671484,-0.039684917012632326,-1.2837131030529,-0.039684917012632326,97.00128635445085,-0.0003740967950336905,-0.021329180973142924,0.012255665259376729,-0.18590092206407344,1.79473069131795,0.1561402994721826,-0.015324009464915456,0.0779523759058739,0.1668543118019136,-0.017039605347094706,0.06913151460942497,-0.010714012329730987,-0.00013415930593214768,0.007410450426455911,0.0019370246587907488,-0.015324009464915456,0.0779523759058739,0.0022119739168214134,-0.017039605347094706,0.06913151460942497,0.0019986982986253225,-0.015189850158983309,-6.167363983457371e-05,-0.00013415930593214768,0.007410450426455911,-0.0007233642611372444,0.003087666173902416,0.0006380317297542196,-0.025006609874316243,0.9952696852792882,0.9948342250048017,149,4100.0,4104.65,0.07945205479452055,29.0,17.393308541519954,-1.3906095207785611,18.716706561585486,17.69313254371215,17.337234570214818,17.557399847003865,17.4487729952993,17.395183263689784,17.432993458532586
2023-04-14,-0.8391317219982319,-0.07288136368619291,-0.9541748742654974,0.19353264063564168,-0.07394205195634385,0.015694437807457717,0.060109613745648716,0.11959058867929784,0.07580405155310643,-0.007470124278945889,-0.831661597719286,-0.007470124278945889,99.10977930125712,-0.009865939927975955,-0.05280378354194093,-0.047167285820578886,0.015837339615084566,0.46139415359986347,0.14900915642602564,-0.014512060953278342,0.07966125692227939,0.1561402994721826,-0.015324009464915456,0.0779523759058739,-0.007131143046156974,0.0011643504128073384,0.0017785414808075967,0.0017032997357980322,-0.014512060953278342,0.07966125692227939,0.0019370246587907488,-0.015324009464915456,0.0779523759058739,0.001972099439810317,-0.01567641136608568,-0.00026879970401228457,0.0011643504128073384,0.0017785414808075967,0.0009970007282014623,0.00022254527388617523,0.0007616859681344942,0.010214517443341842,0.9932643092144605,0.9952696852792882,154,4155.0,4158.8,0.07945205479452055,29.0,16.55417681952172,-0.90877842160765,17.393308541519954,17.32042717783376,16.366252303568263,16.559784944203905,16.48584289224756,16.50153733005502,16.561646943800667
2023-04-17,0.024656034493840906,-0.33134888789860995,-0.007925520894112026,0.6052351798919808,0.0023081676913534466,-0.23175993380743876,-0.00947334712958181,0.6075433475833343,-0.24123328093702057,-0.0023796233597508376,0.027035657853591744,-0.0023796233597508376,,-0.003394594426163781,-0.06273459705614254,-0.21634808818594342,-0.0015542301248564656,-0.23217018848428184,0.14427570131973902,-0.014716113221562056,0.09213261540613434,0.14900915642602564,-0.014512060953278342,0.07966125692227939,-0.004733455106286616,-0.0006652726755914402,0.012498884884509218,0.0016538324979391067,-0.014716113221562056,0.09213261540613434,0.0017032997357980322,-0.014512060953278342,0.07966125692227939,0.0016619609953193518,-0.014050840545970616,-8.128497380245105e-06,-0.0006652726755914402,0.012498884884509218,-0.001315794675877894,0.005367340915577279,-0.0016407795407239988,0.0063836299493077175,0.9880185556801913,0.9932643092144605,47,4145.0,4149.45,0.07671232876712329,28.0,16.578832854015563,0.02525683787487054,16.55417681952172,16.22282793162311,16.214902410729,16.82013759062098,16.822445758312334,16.590685824504895,16.581212477375313
2023-04-18,-0.2978918811021103,-0.28044349307859306,-0.2609872044640582,0.34121345843465534,0.12684152679103278,-0.1582544964555339,-0.06928224103109315,0.4680549852256881,-0.22753673748662706,0.003020568701479931,-0.3009124498035902,0.003020568701479931,98.98601845397575,-0.0004598656200872818,-0.003679533285191133,0.04297244860507619,-0.011230535014251447,0.12790932963892165,0.14115152180751103,-0.015550800068453025,0.0893982292761293,0.14427570131973902,-0.014716113221562056,0.09213261540613434,-0.003124179512227987,-0.0011222729549171112,-0.0027343861300050815,0.001582983044243046,-0.015550800068453025,0.0893982292761293,0.0016538324979391067,-0.014716113221562056,0.09213261540613434,0.0016310892119517138,-0.014428527113535913,-4.8106167708667933e-05,-0.0011222729549171112,-0.0027343861300050815,7.922542009942274e-05,0.00913886414423648,0.0017356980048108227,-0.005399538130117287,0.9957534353828907,0.9880185556801913,45,4160.0,4161.5,0.07945205479452055,29.0,16.280940972913452,-0.20716610086658704,16.578832854015563,16.29838936093697,16.03740215647291,16.378615614907567,16.5054571416986,16.347202645243065,16.277920404211972
2023-04-19,-0.363752121660994,0.04917092754439878,0.2744697668246694,-0.6164730032244492,-0.26298296099362517,0.21396095904673373,0.08861755923553716,-0.8794559642180744,0.3025785182822709,-0.11051537009425871,-0.2532367515667353,-0.11051537009425871,69.61794488246156,-0.0014666090213520404,-0.04524675625629737,-0.3054082136039399,-0.10835431160383958,1.0414805662419993,0.14033585521609557,-0.014816659255273245,0.10005973524945483,0.14115152180751103,-0.015550800068453025,0.0893982292761293,-0.0008156665914154648,0.0008542939602989522,0.010661505973325672,0.001564740864432206,-0.014816659255273245,0.10005973524945483,0.001582983044243046,-0.015550800068453025,0.0893982292761293,0.0015934737215921061,-0.015670953215572197,-2.8732857159900196e-05,0.0008542939602989522,0.010661505973325672,-3.173401055191552e-05,0.0015868315622122736,0.00015877928813645692,-0.01593891433080699,0.993379586735871,0.9957534353828907,48,4160.0,4168.0,0.07945205479452055,29.0,15.917188851252458,-0.3373966938937194,16.280940972913452,16.33011190045785,16.60458166728252,15.988108664058071,15.725125703064446,15.93908666211118,16.027704221346717
2023-04-20,0.930820125939821,0.7188540093174751,0.35644741871713137,0.20366166500101457,-0.3416578010639917,-0.13154210194267435,0.12092415019218805,-0.13799613606297711,-0.010617951750486299,0.004132785718677923,0.9266873402211431,0.004132785718677923,99.55600597757756,0.002285181597819708,-0.04984707746245621,-0.13376691474316768,-0.39119642874726723,4.1282324148042955,0.1469577470458795,-0.01852848200126976,0.08490507200205745,0.14033585521609557,-0.014816659255273245,0.10005973524945483,0.006621891829783927,-0.002475643272675968,-0.01515466324739749,0.0017158926111978643,-0.01852848200126976,0.08490507200205745,0.001564740864432206,-0.014816659255273245,0.10005973524945483,0.001660084510066064,-0.016052838728593793,5.580810113180027e-05,-0.002475643272675968,-0.01515466324739749,-0.0029057926467683376,-0.014961675743020146,-0.008562816801171987,0.09229223406868381,0.9929917658649405,0.993379586735871,184,4160.0,4165.2,0.07945205479452055,29.0,16.84800897719228,0.8007739686779409,15.917188851252458,16.636042860569933,16.992490279287065,17.19615194428808,16.854494143224088,16.722952041281413,16.8438761914736
2023-04-21,-0.8632143481389782,-0.26606295600894114,-0.7547449545961609,-0.07303838860606149,0.2835058601242597,0.07496629604450433,-0.11448957479966104,0.21046747151819822,-0.03952327875515671,-0.013350630296917743,-0.8498637178420605,-0.013350630296917743,98.45338179031656,-0.004778986658083317,0.039911264358440064,0.1521797568847106,0.19783049047269335,-1.5407315569033182,0.1401700172816164,-0.015691090015351277,0.09016159641912481,0.1469577470458795,-0.01852848200126976,0.08490507200205745,-0.00678772976426309,0.0026038338670776283,0.004885104319549333,0.0015072157393216494,-0.015691090015351277,0.09016159641912481,0.0017158926111978643,-0.01852848200126976,0.08490507200205745,0.0016900536676307295,-0.018294923882428905,-0.00018283792830908014,0.0026038338670776283,0.004885104319549333,0.003902552449691645,0.01625452931098751,0.006405272901431804,-0.054470442058856566,0.996277202917485,0.9929917658649405,183,4135.0,4139.55,0.07945205479452055,29.0,15.984794629053301,-0.7352445539702082,16.84800897719228,16.581946021183338,15.827201066587177,15.754162677981116,16.037668538105375,16.11263483414988,15.998145259350219
2023-04-24,0.34192816781378,-0.10343338048204842,0.385568424244898,0.16394340179241595,-0.0985057076600846,-0.07793390716181747,0.03783022096859057,0.06543769413233136,-0.040103686193226906,0.03445911611182595,0.30746905170195404,0.03445911611182595,89.9221183407759,0.0015643494239194092,0.009835577665139386,-0.06520540401013555,-0.13260429966895973,1.2993155689060274,0.14140660370971236,-0.01759639677274928,0.0799923779081568,0.1401700172816164,-0.015691090015351277,0.09016159641912481,0.0012365864280959593,-0.0019705490580620363,-0.010169218510968081,0.0015887095879691877,-0.01759639677274928,0.0799923779081568,0.0015072157393216494,-0.015691090015351277,0.09016159641912481,0.00150155038636538,-0.015625847714687245,8.715920160380771e-05,-0.0019705490580620363,-0.010169218510968081,-0.0025688502203857766,-0.01812218049022405,-0.0053086129190356435,0.05957164831049905,0.9901668505489372,0.996277202917485,44,4145.0,4145.1,0.07671232876712329,28.0,16.32672279686708,0.2769624778347364,15.984794629053301,15.881361248571253,16.26692967281615,16.430873074608566,16.332367366948482,16.254433459786664,16.292263680755255
2023-04-25,2.78080292488751,1.4316027837851237,1.9781697975954664,-0.6848337603818173,-0.32279503740984694,0.30525686321585965,0.10588319585020045,-1.0076287977916643,0.4111400590660601,-0.03248091776747586,2.813283842654986,-0.03248091776747586,98.8319590188582,0.012901403339599334,-0.0062966563271963545,-0.06117749074916589,-0.3055275718835077,3.6283167440794233,0.16696890052308125,-0.026056063443821997,0.037212361066377264,0.14140660370971236,-0.01759639677274928,0.0799923779081568,0.025562296813368884,-0.00604176878506291,-0.040288012220005595,0.002215013146615648,-0.026056063443821997,0.037212361066377264,0.0015887095879691877,-0.01759639677274928,0.0799923779081568,0.0018801762489708362,-0.020014294658759087,0.0003348368976448118,-0.00604176878506291,-0.040288012220005595,-0.006937686601967207,-0.04791586079142522,-0.011431271768250553,0.13149095308732162,0.986778391580349,0.9901668505489372,44,4140.0,4146.6,0.07945205479452055,29.0,19.10752572175459,2.7680164179291395,16.32672279686708,17.758325580652205,19.73649537824767,19.051661617865854,18.728866580456007,19.034123443671866,19.140006639522067
2023-04-26,-0.5714195182750892,0.3146337306249194,-0.6727160616111654,-0.414080219857226,-0.04308299633360946,0.18869967717549585,0.05420015752206808,-0.45716321619083544,0.24289983469756393,0.0009261942044282989,-0.5723457124795175,0.0009261942044282989,99.83791344628476,-0.007744054211156515,0.050422871041990676,0.17135237116762395,0.08998226153713021,0.18343224206880623,0.1631431086021437,-0.023657487087732652,0.03926778239288538,0.16696890052308125,-0.026056063443821997,0.037212361066377264,-0.0038257919209375435,0.0026349686575037855,0.0020554213265082874,0.002114669979854123,-0.023657487087732652,0.03926778239288538,0.002215013146615648,-0.026056063443821997,0.037212361066377264,0.0022981494121744562,-0.026292455745236438,-0.00018347943232033303,0.0026349686575037855,0.0020554213265082874,0.003676043122809662,0.010035903399039339,0.004217064660527341,-0.02566824300655729,0.9890984317009711,0.986778391580349,52,4080.0,4083.6,0.07945205479452055,29.0,18.536106203479502,-0.5846556275663488,19.10752572175459,19.42215945237951,18.749443390768345,18.33536317091112,18.29228017457751,18.480979851753006,18.535180009275074
2023-04-27,-1.8728303708182068,-1.7754726658478148,-0.16827666121075424,0.28606703816348755,-0.22159766958165505,-0.06712870317889852,0.09641987686801201,0.0644693685818325,0.029291173689113492,-0.022841586030583727,-1.849988784787623,-0.022841586030583727,98.78037080204949,-0.001453273387509668,-0.07813728873270498,-0.12801015519013056,-0.25737475724814174,3.287623092348988,0.14654022606248493,-0.020829509227675166,0.06143303015052291,0.1631431086021437,-0.023657487087732652,0.03926778239288538,-0.016602882539658775,0.0012631845240960345,0.01865237709287585,0.001706156432270908,-0.020829509227675166,0.06143303015052291,0.002114669979854123,-0.023657487087732652,0.03926778239288538,0.001700619943209488,-0.0220926937517712,5.5364890614200465e-06,0.0012631845240960345,0.01865237709287585,0.0009507734266930405,0.01864652419235423,-0.0015781833749286128,-0.04298323276501881,0.9896908663418031,0.9890984317009711,143,4070.0,4070.65,0.07945205479452055,29.0,16.663275832661295,-1.97671453090339,18.536106203479502,16.760633537631687,16.592356876420933,16.87842391458442,16.656826245002765,16.589697541823867,16.68611741869188
2023-04-28,-1.3474277327419628,-1.0879415512198758,-0.8699689038092231,0.5928478749302073,0.13519745651979242,-0.12462803204561546,-0.060203034419084034,0.7280453314499997,-0.1848310664646995,0.06726845730183584,-1.4146961900437987,0.06726845730183584,95.0076389503319,-0.005658854917338837,-0.06254118394197156,-0.03273645194468555,-0.005590566588819813,0.46042557944612766,0.13474960947449663,-0.016941991437556446,0.08104806819585522,0.14654022606248493,-0.020829509227675166,0.06143303015052291,-0.0117906165879883,0.0027549252747565076,0.017733467068657513,0.001392900830407731,-0.016941991437556446,0.08104806819585522,0.001706156432270908,-0.020829509227675166,0.06143303015052291,0.0015307101440517215,-0.019696916712312953,-0.00013780931364399058,0.0027549252747565076,0.017733467068657513,0.0030325304915914675,0.01992913217658502,0.006387479380206316,-0.12465639913378301,0.9904881534922384,0.9896908663418031,140,4140.0,4144.25,0.07945205479452055,29.0,15.315848099919332,-1.3028427150443154,16.663275832661295,15.57533428144142,14.705365377632196,15.298213252562403,15.433410709082196,15.30878267703658,15.248579642617496
2023-05-01,-0.37792146517515235,-0.42912312051038803,-0.4633203372369774,0.2739391401798432,0.5758562926596174,-0.07430862989927967,-0.310529235696281,0.8497954328394606,-0.38483786559556066,0.04956442532831318,-0.4274858905034655,0.04956442532831318,86.88499333972948,-0.0029999846847722665,0.13128534403639425,0.3249584292980919,0.3404655413248557,-3.135357551613856,0.12713765235638208,-0.012042677323615969,0.11521935857060148,0.13474960947449663,-0.016941991437556446,0.08104806819585522,-0.0076119571181145484,0.004862474303117596,0.034171290374746255,0.0012842616349426732,-0.012042677323615969,0.11521935857060148,0.001392900830407731,-0.016941991437556446,0.08104806819585522,0.0013890545871377174,-0.016905151626733565,-0.0001047929521950442,0.004862474303117596,0.034171290374746255,0.005757971394488649,0.0424657348642231,0.014659598148537989,-0.1564534404094047,0.9890595235624031,0.9904881534922384,49,4175.0,4179.55,0.07671232876712329,28.0,14.93792663474418,-0.02855284422665072,15.315848099919332,14.886724979408944,14.423404642171967,14.69734378235181,15.273200075011427,15.198891445112148,14.888362209415867
2023-05-02,1.9887496334848898,1.074326920178418,1.9278898096101535,-0.963629517382433,-0.512290214437698,0.3393671803522409,0.1612191663588085,-1.475919731820131,0.5005863467110494,-0.038133711194600295,2.02688334467949,-0.038133711194600295,98.08252831062609,0.015296171701370759,0.1386507512281342,0.2546756833684684,-0.5258795225006112,4.6843791172798355,0.14655666720539826,-0.016471325734277707,0.08787014205064084,0.12713765235638208,-0.012042677323615969,0.11521935857060148,0.019419014849016175,-0.001689390825330284,-0.027349216519960654,0.0017065392996390735,-0.016471325734277707,0.08787014205064084,0.0012842616349426732,-0.012042677323615969,0.11521935857060148,0.00144369561253811,-0.014781934908947423,0.0002628436871009636,-0.001689390825330284,-0.027349216519960654,-0.0026201187987607046,-0.03258472553055489,-0.011027613549547965,0.10302204983257396,0.9912674707499047,0.9890595235624031,189,4180.0,4180.5,0.07945205479452055,29.0,16.92667626822907,1.8393445562740176,14.93792663474418,16.012253554922598,17.94014336453275,16.97651384715032,16.46422363271262,16.80359081306486,16.96480997942367
2023-05-03,1.1096611083452181,0.6963070403312059,0.3802185101216047,-0.046500967430691986,0.20489382700964143,-0.08018503041536107,-0.06319300563075814,0.15839285957894944,-0.1433780360461192,0.018120734359577284,1.0915403739856409,0.018120734359577284,98.36700284228219,0.0018517535752314302,0.03044864573136316,0.07246828568418011,0.17700184749350098,-0.7155089594101715,0.153902312531076,-0.017242872381297937,0.08769481852506417,0.14655666720539826,-0.016471325734277707,0.08787014205064084,0.0073456453256777465,0.0005079057245694144,0.002013197999961261,0.0018818951569040461,-0.017242872381297937,0.08769481852506417,0.0017065392996390735,-0.016471325734277707,0.08787014205064084,0.0018402234650967846,-0.01775077810586735,4.16716918072615e-05,0.0005079057245694144,0.002013197999961261,0.0021369395841111527,0.015231591136734307,0.005752717159106507,-0.046712085243106216,0.9880330319899702,0.9912674707499047,48,4130.0,4131.1,0.07945205479452055,29.0,18.036337376574288,1.2460950688263033,16.92667626822907,17.622983308560276,18.00320181868188,17.95670085125119,18.16159467826083,18.08140964784547,18.01821664221471
2023-05-04,1.3926580497357293,0.4384837117624727,1.4783861583887834,-0.24174639571122825,-0.4759104779449075,0.048471324534951066,0.15517878192012446,-0.7176568736561357,0.20365010645507553,-0.01020505321446663,1.402863102950196,-0.01020505321446663,99.26722477090459,0.0151072441443377,0.010277393400621058,-0.014986679512929587,-0.6312712336898538,6.107577653748709,0.17265934668889826,-0.023588322563340824,0.05962870311007249,0.153902312531076,-0.017242872381297937,0.08769481852506417,0.01875703415782226,-0.005027483447700768,-0.02806611541499166,0.0023685650684166512,-0.023588322563340824,0.05962870311007249,0.0018818951569040461,-0.017242872381297937,0.08769481852506417,0.0020164187853025147,-0.018560839115640056,0.00035214628311413653,-0.005027483447700768,-0.02806611541499166,-0.00531889482260588,-0.03174910047958588,-0.0158837542493237,0.15133859253085913,0.9909929918084156,0.9880330319899702,140,4100.0,4100.8,0.07945205479452055,29.0,19.428995426310017,1.190370218698547,18.036337376574288,18.47482108833676,19.953207246725544,19.711460851014316,19.235550373069408,19.28402169760436,19.439200479524484
2023-05-05,-3.1069113538103608,-1.8832562784843958,-1.571301452010342,0.49392649598952687,-0.010360707323069818,-0.16912019542402845,-0.0009173434545139969,0.48356578866645705,-0.17003753887854245,0.03411812689646254,-3.1410294807068233,0.03411812689646254,98.9018635226068,-0.01460302575361046,-0.09453733388904399,-0.2134246821994905,-0.1126535771323723,2.2722816295023027,0.14484161964650413,-0.01909383326325905,0.06807385613409186,0.17265934668889826,-0.023588322563340824,0.05962870311007249,-0.02781772704239413,0.002332960449291658,0.006671897308270544,0.001609355216139814,-0.01909383326325905,0.06807385613409186,0.0023685650684166512,-0.023588322563340824,0.05962870311007249,0.0019694662204801285,-0.02142679371255071,-0.00036011100434031455,0.002332960449291658,0.006671897308270544,0.0032189152290997593,0.014374737318296225,0.0071621492065333525,-0.1221427991490241,0.9932315726059175,0.9909929918084156,139,4070.0,4070.1,0.07945205479452055,29.0,16.322084072499656,-3.1334824062450224,19.428995426310017,17.54573914782562,15.97443769581528,16.468364191804806,16.458003484481736,16.288883289057708,16.287965945603194
2023-05-08,0.06894981256616717,-0.23285723262729618,0.4488636825353751,-0.035059041182709194,-0.13699692932094365,0.04333595622702546,0.04104803344340979,-0.17205597050365284,0.08438398967043526,-0.05938465650869418,0.12833446907486135,-0.05938465650869418,13.872635329202465,0.0024441551202187984,0.08396996993073468,0.17022894750175693,-0.23223780307093886,1.9551522808991426,0.14093951474305055,-0.019084430851851897,0.08208639299331373,0.14484161964650413,-0.01909383326325905,0.06807385613409186,-0.0039021049034535793,-0.0001302185905414227,0.014012536859221839,0.0015782313908607956,-0.019084430851851897,0.08208639299331373,0.001609355216139814,-0.01909383326325905,0.06807385613409186,0.0015898458679846988,-0.018954212261310475,-1.1614477123903172e-05,-0.0001302185905414227,0.014012536859221839,-0.0009556829664042234,0.0015612218251508034,-0.0003667882474434059,-0.006258765586204251,0.9862676562117975,0.9932315726059175,52,4140.0,4142.15,0.07671232876712329,28.0,16.391033885065823,0.10023662146197765,16.322084072499656,16.08922683987236,16.538090522407735,16.503031481225026,16.366034551904082,16.409370508131108,16.450418541574518
2023-05-09,0.9032054641831913,0.4216422547635226,0.4604368722702503,0.09248605428075862,-0.019054010370993524,-0.08638065651503624,0.006841923493261959,0.0734320439097651,-0.07953873302177428,0.02723302626142754,0.8759724379217637,0.02723302626142754,96.98484704296429,0.006872803081881882,0.05821903530312723,0.15501520921675857,-0.17726254142749728,1.5704368722945767,0.148833149238873,-0.02035715429320215,0.07703481896589359,0.14093951474305055,-0.019084430851851897,0.08208639299331373,0.00789363449582245,-0.0005664321790555919,-0.005051574027420014,0.0017599668028998872,-0.02035715429320215,0.07703481896589359,0.0015782313908607956,-0.019084430851851897,0.08208639299331373,0.0016618542053706501,-0.019790722114146557,9.811259752923705e-05,-0.0005664321790555919,-0.005051574027420014,-0.0025500697159352055,-0.021153310398263455,-0.004423386179123891,0.049911037100921596,0.979212639414809,0.9862676562117975,43,4140.0,4146.4,0.07945205479452055,29.0,17.294239349249015,0.8153483432096031,16.391033885065823,16.812676139829346,17.273113012099596,17.365599066380355,17.34654505600936,17.260164399494325,17.267006322987587
2023-05-10,-0.7742459220428444,-0.49357773709734687,-1.2994615478221032,1.0929047546928121,0.3232992468329634,-0.376782066404715,-0.13411677421336776,1.4162040015257755,-0.5108988406180828,0.11348820196891296,-0.8877341240117573,0.11348820196891296,85.34209884251314,-0.007361218755766715,-0.07024526032974723,-0.05758914481696133,0.24578271002238455,-2.2332451043625805,0.13963471582813886,-0.018774265989547196,0.08811952264292675,0.148833149238873,-0.02035715429320215,0.07703481896589359,-0.009198433410734147,0.000827196386941547,0.01108470367703318,0.0015491445536102676,-0.018774265989547196,0.08811952264292675,0.0017599668028998872,-0.02035715429320215,0.07703481896589359,0.0016619708446251513,-0.019601462376488743,-0.00011282629101488375,0.000827196386941547,0.01108470367703318,0.0020340121314305903,0.02136204296621666,0.005363176721800464,-0.05862018676646519,0.9874278680267871,0.979212639414809,47,4125.0,4128.6,0.07945205479452055,29.0,16.51999342720617,-0.7175334572221495,17.294239349249015,16.800661612151668,15.501200064329565,16.594104819022377,16.91740406585534,16.540621999450625,16.406505225237257
2023-05-11,-0.25535414517231203,0.06504141550617604,-0.2001875146113825,0.0646068009788685,-0.17565407346868156,-0.07030941906772625,0.07298918165527368,-0.11104727248981305,0.0026797625875474296,-0.011840536164839932,-0.2435136090074721,-0.011840536164839932,95.36309224318641,0.000194787915759115,-0.012246638029131491,-0.038842969895639505,-0.2829991519527117,3.3717527268479652,0.14078865007992145,-0.02023161000924407,0.08006249660092114,0.13963471582813886,-0.018774265989547196,0.08811952264292675,0.0011539342517825901,-0.0011703806511226891,-0.008057026042005616,0.0015748544541053986,-0.02023161000924407,0.08006249660092114,0.0015491445536102676,-0.018774265989547196,0.08811952264292675,0.0015799476063022204,-0.019061229358121382,-5.093152196821837e-06,-0.0011703806511226891,-0.008057026042005616,-0.0014955829751833565,-0.009560194146527708,-0.005191544360474962,0.07781759520695009,0.9872308064543674,0.9874278680267871,125,4140.0,4148.9,0.07945205479452055,29.0,16.26463928203386,-0.38538696473745304,16.51999342720617,16.585034842712346,16.384847328100964,16.449454129079832,16.27380005561115,16.203490636543425,16.2764798181987
2023-05-12,-0.5296129774678899,-0.014340119306137211,-1.2039661066164111,0.5335239417353179,0.49700734622394727,-0.16142876712842558,-0.22711353967611814,1.0305312879592652,-0.3885423068045437,0.04670426729993693,-0.5763172447678269,0.04670426729993693,91.18143450275092,-0.010752187096432763,-0.078478292793916,-0.13849391168478145,0.6943557721955146,-7.8326597149240484,0.13597248853238544,-0.01769874806857207,0.0889565553125623,0.14078865007992145,-0.02023161000924407,0.08006249660092114,-0.004816161547536002,0.002821119314314731,0.008894058711641173,0.0014182972434392091,-0.01769874806857207,0.0889565553125623,0.0015748544541053986,-0.02023161000924407,0.08006249660092114,0.0016115349048277466,-0.0205198673828868,-0.00019323766138853744,0.002821119314314731,0.008894058711641173,0.005721037364676242,0.036894138696577886,0.011391320922611435,-0.13003934418485452,0.9967207929814662,0.9872308064543674,123,4140.0,4142.15,0.07945205479452055,29.0,15.735026304565968,-0.2814977035110964,16.26463928203386,16.25029916272772,15.04633305611131,15.579856997846628,16.076864344070575,15.91543557694215,15.688322037266031
2023-05-15,1.2118449320519158,-0.21884435444864359,1.58724073089396,0.4423111024637727,-0.30001511067479925,-0.31233229277835406,0.07278517618054536,0.14229599178897345,-0.2395471165978087,-0.059300319584565386,1.2711452516364812,-0.059300319584565386,95.10660827832508,0.0076392472001361525,0.03318193050591479,0.03329278835628744,-0.6794995396170913,8.564264993057837,0.13561865520048108,-0.02257489477043506,0.06881157307131752,0.13597248853238544,-0.01769874806857207,0.0889565553125623,-0.00035383333190436295,-0.00535098588074694,-0.02014498224124478,0.0014613155329129377,-0.02257489477043506,0.06881157307131752,0.0014182972434392091,-0.01769874806857207,0.0889565553125623,0.001371694028824397,-0.01722390888968812,8.962150408854067e-05,-0.00535098588074694,-0.02014498224124478,-0.005847238675283039,-0.02563427260893919,-0.010680473929678889,0.16133780984460516,0.9927443272327475,0.9967207929814662,46,4130.0,4134.7,0.07671232876712329,28.0,16.946871236617884,1.0608812853434237,15.735026304565968,15.516181950117325,17.103422681011285,17.545733783475058,17.24571867280026,16.933386380021904,17.00617155620245
2023-05-16,0.9018420311093465,0.571511736903819,0.47693167690680127,-0.2046552622423583,-0.040777775980412656,0.0589809532173291,0.03460426493930058,-0.24543303822277096,0.09358521815662968,0.005246437364867518,0.896595593744479,0.005246437364867518,99.41825317695451,0.00877507651024283,0.04639380567361869,0.1380271620882061,0.01945572066796258,-1.0453830238544044,0.15053315357554017,-0.021706280747922795,0.08496750425491913,0.13561865520048108,-0.02257489477043506,0.06881157307131752,0.014914498375059093,0.0017260709524767742,0.01778221703678594,0.001800401861469912,-0.021706280747922795,0.08496750425491913,0.0014613155329129377,-0.02257489477043506,0.06881157307131752,0.0015973100473692583,-0.02343235170039957,0.00020309181410065372,0.0017260709524767742,0.01778221703678594,-0.0021115348721504022,-0.015598405250952165,-0.0038552710336969415,0.012497461882939709,0.9798252758389925,0.9927443272327475,44,4140.0,4145.75,0.07945205479452055,29.0,17.84871326772723,0.8670276645582966,16.946871236617884,17.518382973521703,17.995314650428504,17.790659388186146,17.749881612205733,17.808862565423063,17.843466830362363
2023-05-17,-1.4404370093031567,-1.280617176824645,-0.1814588730824127,0.04520979862701324,0.004854563688141411,-0.019384359107661453,-0.0007798346096592468,0.050064362315154654,-0.0201641937173207,-0.00826112799393286,-1.4321758813092238,-0.00826112799393286,99.4264846056733,-0.0005970101007736178,-0.026329982616957317,-0.09460346938812667,0.06646157987066321,-0.843487571295151,0.14005095727277322,-0.01679077215967271,0.1132524254499666,0.15053315357554017,-0.021706280747922795,0.08496750425491913,-0.01048219630276695,0.002701196118206021,0.022531831309647574,0.0015583941050892724,-0.01679077215967271,0.1132524254499666,0.001800401861469912,-0.021706280747922795,0.08496750425491913,0.001541890204058523,-0.019491968277878732,1.650390103074932e-05,0.002701196118206021,0.022531831309647574,0.0034041274817843553,0.027562895916028923,0.008558265554193329,-0.1586539085801948,0.9875836518313544,0.9798252758389925,49,4120.0,4121.55,0.07945205479452055,29.0,16.408276258424074,-1.3699579502950208,17.84871326772723,16.568096090902586,16.386637217820173,16.431847016447186,16.436701580135328,16.417317221027666,16.416537386418007
2023-05-18,-0.6312999185824619,-0.9343516396882539,0.24308501343758415,0.3656640913470959,-0.1876324308553574,-0.18556465691914603,0.04497986743879068,0.17803166049173846,-0.14058478948035535,0.022519836656824666,-0.6538197552392866,0.022519836656824666,96.43278321540238,0.001173046708711692,-0.07392218348162528,-0.1655341061579216,-0.17620667289654568,1.283719577999575,0.13334864610153377,-0.015589137382180531,0.12103944302168634,0.14005095727277322,-0.01679077215967271,0.1132524254499666,-0.006702311171239456,-0.001084186702291998,0.0018321743188001033,0.0014128054276609612,-0.015589137382180531,0.12103944302168634,0.0015583941050892724,-0.01679077215967271,0.1132524254499666,0.0013959542454831124,-0.014504950679888533,1.685118217784878e-05,-0.001084186702291998,0.0018321743188001033,-0.002308661343123266,-0.004188620767025572,0.0005778814422528651,-0.033276356907871785,0.9935098104043858,0.9875836518313544,183,4170.0,4172.05,0.07945205479452055,29.0,15.776976339841612,-0.6796903434744213,16.408276258424074,15.47392461873582,15.717009632173404,16.0826737235205,15.895041292665143,15.709476635745997,15.754456503184787
2023-05-19,0.13399645803517934,-0.03492417573996498,-0.3690823451100371,0.3369623874792591,0.5092088281837786,-0.11900271830270626,-0.22658157484943153,0.8461712156630377,-0.3455842931521378,0.03741605637428158,0.09658040166089776,0.03741605637428158,72.07683178874893,0.00010287451518183081,0.0017171638470080347,0.0019728021425692113,0.3676256659356757,-3.18446078393232,0.13630782373008693,-0.013792067796849316,0.12573127448968374,0.13334864610153377,-0.015589137382180531,0.12103944302168634,0.0029591776285531612,0.0020539850646159614,0.005316075359317107,0.0014253014758381058,-0.013792067796849316,0.12573127448968374,0.0014128054276609612,-0.015589137382180531,0.12103944302168634,0.0014310420934067571,-0.015846052861465277,-5.740617568651338e-06,0.0020539850646159614,0.005316075359317107,0.0031458791863618885,0.014912054442844394,0.006648910648636638,-0.06720068658400905,0.9948612176698185,0.9935098104043858,189,4210.0,4212.5,0.07945205479452055,29.0,15.910972797876791,0.3828432338147554,15.776976339841612,15.742052164101647,15.37296981899161,15.709932206470869,16.219141034654648,16.10013831635194,15.87355674150251
2023-05-22,0.771143266425252,-0.2841448592242397,1.5643863190886602,-0.13138655803316368,-0.5793492885449361,0.12081576297779861,0.15597787915117678,-0.7107358465780997,0.2767936421289754,-0.07515598899004416,0.8462992554152962,-0.07515598899004416,90.25395250632988,0.011453175015286683,0.08243957472430263,0.1524487216556351,-1.066001484119704,11.80238364577887,0.13713022096406216,-0.02116338599231645,0.09789098401209673,0.13630782373008693,-0.013792067796849316,0.12573127448968374,0.0008223972339752306,-0.007192246321462653,-0.0272559282389101,0.0014940718562956794,-0.02116338599231645,0.09789098401209673,0.0014253014758381058,-0.013792067796849316,0.12573127448968374,0.0014370244721187055,-0.013971139670853798,5.704738417697383e-05,-0.007192246321462653,-0.0272559282389101,-0.00766763290911001,-0.03411891504293553,-0.015817470955917047,0.22095566893462762,0.9895936186969886,0.9948612176698185,44,4205.0,4208.15,0.07671232876712329,28.0,16.682116064302043,0.5073686176208625,15.910972797876791,15.626827938652552,17.191214257741212,17.05982769970805,16.480478411163112,16.60129417414091,16.757272053292088
2023-05-23,1.303944130741673,1.1411722302626117,-0.20839146262343888,0.20059510736132324,0.24797287258609657,0.003868639515221872,-0.09690355955745744,0.4485679799474198,-0.09303492004223557,0.015630303197315953,1.288313827544357,0.015630303197315953,98.80130575928698,-0.0016942643823856455,-0.008085040114807256,0.02341102824606331,0.29891630186028323,-2.622041545561891,0.14799758750049335,-0.0200760307695872,0.11659962249238973,0.13713022096406216,-0.02116338599231645,0.09789098401209673,0.010867366536431194,0.0032789290455215725,0.026151956828298753,0.0017402610719808754,-0.0200760307695872,0.11659962249238973,0.0014940718562956794,-0.02116338599231645,0.09789098401209673,0.0017406413391682684,-0.023354959815108774,-3.802671873929988e-07,0.0032789290455215725,0.026151956828298753,0.001349263354910011,0.007979406142659129,0.005734702139961762,-0.07372682159486021,0.9879135379901467,0.9895936186969886,48,4200.0,4205.2,0.07945205479452055,29.0,17.986060195043716,1.3816727940497238,16.682116064302043,17.823288294564655,17.614896831941216,17.81549193930254,18.063464811888636,18.067333451403858,17.9704298918464
2023-05-24,1.7631543791756314,0.9135904994585893,0.13656164998293718,0.949590905986522,0.07268453740578451,-0.3947393366447436,-0.027455972277490304,1.0222754433923065,-0.4221953089222339,0.11292209526403241,1.650232283911599,0.11292209526403241,93.59545048364798,0.006722839592849608,-0.01659610897105006,0.02673686928187102,-0.17784719834654056,2.0501690617737385,0.16287562106080597,-0.026118747136863917,0.09348967667508964,0.14799758750049335,-0.0200760307695872,0.11659962249238973,0.014878033560312615,-0.004219541119007006,-0.023109945817300012,0.0021077412880612456,-0.026118747136863917,0.09348967667508964,0.0017402610719808754,-0.0200760307695872,0.11659962249238973,0.0019043443921394,-0.02189920601785691,0.0002033968959218456,-0.004219541119007006,-0.023109945817300012,-0.00306214356629117,-0.014873252123181913,-0.009203899520706289,0.11562033500860536,0.9853965402835309,0.9879135379901467,52,4160.0,4160.45,0.07945205479452055,29.0,19.749214574219348,1.7062878189815116,17.986060195043716,18.899650694502306,19.036212344485243,19.985803250471765,20.05848778787755,19.663748451232806,19.636292478955315
2023-05-25,-1.2593103227521851,-0.8867057051324139,-0.40900322019375324,0.13007130662878907,0.06307426071638744,-0.10312702179711408,-0.046465504912195144,0.19314556734517652,-0.14959252670930923,-0.007154438061885315,-1.2521558846902998,-0.007154438061885315,99.43187648567435,-0.0015359055194168437,-0.023023000895421617,-0.04117193889471172,-0.010439585640291533,-0.13076415936334784,0.15404667433496985,-0.022802260775429368,0.10645699931833338,0.16287562106080597,-0.026118747136863917,0.09348967667508964,-0.008828946725836118,0.0017625542827100701,0.012967322643243809,0.0018854272831130506,-0.022802260775429368,0.10645699931833338,0.0021077412880612456,-0.026118747136863917,0.09348967667508964,0.001897132972897867,-0.024564815058139438,-1.170568978481638e-05,0.0017625542827100701,0.012967322643243809,0.003430113111801268,0.02950127475899226,0.003751413527382029,-0.07288827216397581,0.9945248794881751,0.9853965402835309,137,4125.0,4128.05,0.07945205479452055,29.0,18.489904251467163,-1.1671561408097197,19.749214574219348,18.862508869086934,18.45350564889318,18.58357695552197,18.646651216238357,18.543524194441243,18.497058689529048
2023-05-26,-1.1490741168449894,-1.7645702586041203,0.2604124784480035,0.5954089478782727,-0.26407525895225703,-0.08056640685390093,0.09365758822739068,0.33133368892601567,0.013091181373489746,0.010658793011621981,-1.1597329098566114,0.010658793011621981,99.07240160966397,0.0018399998937335743,-0.0771717944753521,-0.057899013398059536,-0.3221973422582822,2.9757248681330437,0.14372729235691067,-0.021293398263784884,0.1112345868853013,0.15404667433496985,-0.022802260775429368,0.10645699931833338,-0.010319381978059178,-0.0013763915638270174,0.00124689188992623,0.0015846875833177222,-0.021293398263784884,0.1112345868853013,0.0018854272831130506,-0.022802260775429368,0.10645699931833338,0.0016036252660937788,-0.019917006699957867,-1.8937682776056517e-05,-0.0013763915638270174,0.00124689188992623,-0.0017432977819711315,-0.0022348260647748197,-0.0018230471291192443,-0.025571790979136255,0.9934460504812596,0.9945248794881751,135,4160.0,4162.5,0.07945205479452055,29.0,17.340830134622173,-1.3084379775342718,18.489904251467163,16.725333992863042,16.985746471311046,17.58115541918932,17.31708016023706,17.23651375338316,17.33017134161055
2023-05-30,-0.2112108168661493,-0.16500036853845756,-0.3953439450873866,0.12929005036846064,0.3114745179260403,-0.027437299875437304,-0.14505413580517157,0.44076456829450095,-0.17249143568060887,0.08086036414580278,-0.29207118101195206,0.08086036414580278,61.71580350591304,-0.004850276442683202,0.06329302165605297,0.08271707578510887,0.2980626931038166,-3.0058146888192967,0.1394831291985501,-0.018558861655830074,0.11555288847943226,0.14372729235691067,-0.021293398263784884,0.1112345868853013,-0.00424416315836057,0.0025195856634372335,0.0031952036494212327,0.0015457828947933237,-0.018558861655830074,0.11555288847943226,0.0015846875833177222,-0.021293398263784884,0.1112345868853013,0.0015656646061846427,-0.021078447319267307,-1.988171139131892e-05,0.0025195856634372335,0.0031952036494212327,0.0026272080602261876,0.0017466631293688445,0.0041946538052599555,-0.06306452254971823,0.9907351811798698,0.9934460504812596,51,4215.0,4216.35,0.07671232876712329,28.0,17.129619317756024,-0.08539911757631558,17.340830134622173,17.175829766083716,16.78048582099633,16.90977587136479,17.22125038929083,17.193813089415393,17.04875895361022
2023-05-31,0.002418518456309471,0.44047147155461985,-0.9294546094713034,0.2326499968927962,0.14037406503604188,0.11027975328243045,-0.03744804887423214,0.3730240619288381,0.0728317044081983,0.04554589003595666,-0.04312737157964719,0.04554589003595666,,-0.010981204417684437,-0.0738299743635853,-0.09516513214231508,0.371183182091336,-3.4438255760387606,0.13764857587135867,-0.019588114062476424,0.10558010021030279,0.1394831291985501,-0.018558861655830074,0.11555288847943226,-0.0018345533271914294,0.00017604927083353025,-0.009972788269129465,0.0015053884458711849,-0.019588114062476424,0.10558010021030279,0.0015457828947933237,-0.018558861655830074,0.11555288847943226,0.0016457172341969894,-0.019764163333309954,-0.00014032878832580449,0.00017604927083353025,-0.009972788269129465,0.0016538704478042641,0.005901701787290811,0.003279995897645809,-0.004678217253321737,0.9957012710464227,0.9907351811798698,49,4210.0,4219.7,0.07945205479452055,29.0,17.132037836212334,0.0365162008483324,17.129619317756024,17.570090789310644,16.64063617983934,16.873286176732137,17.01366024176818,17.12393999505061,17.086491946176377
2023-06-01,-1.8092240357505656,-1.000176081985174,-0.293779736083394,-0.22248744139378296,-0.23608093679240127,-0.0748474566675501,0.08864470802896918,-0.45856837818618423,0.013797251361419072,-0.07049709085723244,-1.7387269448933331,-0.07049709085723244,96.10346261910088,-0.0013755165682796961,0.005546926571962194,-0.061233364505050465,-0.34475345772031596,4.375539861051954,0.1279423480392399,-0.01573271270264046,0.11771419164042797,0.13764857587135867,-0.019588114062476424,0.10558010021030279,-0.009706227832118774,0.0019998450289530796,0.012134091430125213,0.0013005701047452765,-0.01573271270264046,0.11771419164042797,0.0015053884458711849,-0.019588114062476424,0.10558010021030279,0.001341411975204961,-0.01773255773159354,-4.0841870459684595e-05,0.0019998450289530796,0.012134091430125213,0.0003553531343049761,-0.00109130323083044,-0.00010536223936356837,-0.043429824190543975,0.995245588011185,0.9957012710464227,183,4190.0,4197.75,0.07945205479452055,29.0,15.322813800461768,-1.935356854852241,17.132037836212334,16.13186175422716,15.838082018143766,15.615594576749983,15.379513639957581,15.304666183290031,15.393310891319
2023-06-02,-1.3885725656528116,-1.6675602121366229,0.4849196875519812,-0.28378336480863986,0.14194247047545616,0.04578783904793937,-0.0928765709107573,-0.1418408943331837,-0.04708873186281792,-0.01700241487216836,-1.3715701507806433,-0.01700241487216836,98.77554725674888,0.006173215837775448,0.06966363069594163,0.11510150564874433,0.020582232554987548,-0.8459079113712169,0.11983435190340858,-0.010362490941130181,0.12982697382114494,0.1279423480392399,-0.01573271270264046,0.11771419164042797,-0.008107996135831325,0.0018198500459433945,0.006561897731726746,0.0011016098988796683,-0.010362490941130181,0.12982697382114494,0.0013005701047452765,-0.01573271270264046,0.11771419164042797,0.0010890085294036826,-0.012182340987073575,1.2601369475985719e-05,0.0018198500459433945,0.006561897731726746,0.002437484509126368,0.011789452865044167,0.006182143136184858,-0.10353385737091511,0.99697450619059,0.995245588011185,181,4230.0,4234.8,0.07945205479452055,29.0,13.934241234808956,-1.329816580720383,15.322813800461768,13.655253588325145,14.140173275877126,13.856389911068486,13.998332381543943,14.044120220591882,13.951243649681125
2023-06-05,0.023263098317531927,-0.05372083714646081,0.26553454397189036,-0.18613441283486232,-0.07851160513590472,0.0803441640670215,0.01796760274409337,-0.26464601797076703,0.09831176681111486,-0.022216357348245452,0.04547945566577738,-0.022216357348245452,,-0.0015004076961839478,0.013640741119605492,-0.021176669435708718,0.030549171771851635,-0.8379907474617152,0.11647218788238507,-0.01249004772746635,0.11759468617637144,0.11983435190340858,-0.010362490941130181,0.12982697382114494,-0.003362164021023503,-0.0017765653470567053,-0.011804847228861173,0.001040661850419367,-0.01249004772746635,0.11759468617637144,0.0011016098988796683,-0.010362490941130181,0.12982697382114494,0.0011169212878384149,-0.010713482380409645,-7.625943741904778e-05,-0.0017765653470567053,-0.011804847228861173,-0.0006414196088428362,-0.004769477229363633,-0.0012587075032880028,0.037584178025040826,0.9965199861029406,0.99697450619059,109,4290.0,4294.8,0.07671232876712329,28.0,13.957504333126488,0.026487265858069264,13.934241234808956,13.880520397662496,14.146054941634386,13.959920528799524,13.881408923663619,13.96175308773064,13.979720690474734
2023-06-06,-0.5384806234026236,-0.18211889826279126,-0.2764843468183038,0.0419636215111332,-0.17899365481882512,0.008291455318294894,0.07719321747229912,-0.13703003330769192,0.08548467279059402,-0.02833201780443062,-0.510148605598193,-0.02833201780443062,94.73852603545835,-0.001214472400577434,0.0597792970184394,0.13954090579399556,-0.3323237016976297,3.6299978676536426,0.10981435576056676,-0.011673070703099779,0.11907716078595622,0.11647218788238507,-0.01249004772746635,0.11759468617637144,-0.006657832121818308,0.0003157785006229121,0.001482474609584672,0.0009581276416497025,-0.011673070703099779,0.11907716078595622,0.001040661850419367,-0.01249004772746635,0.11759468617637144,0.0010145790668266,-0.01198884920372269,-5.64514251768976e-05,0.0003157785006229121,0.001482474609584672,-0.0003299385212014883,-0.0018943120169594152,-0.002171839843167477,0.025683825283686373,0.9958371912578066,0.9965199861029406,45,4285.0,4289.1,0.07671232876712329,28.0,13.419023709723865,-0.5690310025886713,13.957504333126488,13.775385434863697,13.498901088045393,13.540864709556526,13.361871054737701,13.370162510055996,13.447355727528295
2023-06-07,0.1365881263235309,0.24233984639325534,-0.6302300978559625,0.5018323789185484,0.15493005688791328,-0.1715436400092667,-0.04765562819363467,0.6567624358064617,-0.21919926820290137,0.08691521018267778,0.04967291614085312,0.08691521018267778,36.366935749008555,-0.0060577282138832575,-0.06233719213206478,-0.10804532998430069,0.284011871867547,-3.1762960083504894,0.10963188957286574,-0.01196157259434406,0.12147438096314313,0.10981435576056676,-0.011673070703099779,0.11907716078595622,-0.00018246618770102752,0.0004968043951972135,0.002397220177186965,0.0009549462606251887,-0.01196157259434406,0.12147438096314313,0.0009581276416497025,-0.011673070703099779,0.11907716078595622,0.000997913981550827,-0.012458376989541274,-4.296772092563829e-05,0.0004968043951972135,0.002397220177186965,0.0009598421266292997,0.006090735780906631,0.0026731684878313344,-0.039153006383139566,0.9967897422316411,0.9958371912578066,48,4290.0,4298.25,0.07945205479452055,29.0,13.555611836047396,0.17057048101971972,13.419023709723865,13.66136355611712,13.031133458261158,13.532965837179706,13.68789589406762,13.516352254058353,13.468696625864718
2023-06-08,-0.399935778431729,-0.5936494976031881,-0.010754731401613427,0.520814314273613,-0.1626532694935925,-0.2479256652686619,0.05451593877612382,0.35816104478002053,-0.19340972649253807,0.03971713228559004,-0.43965291071731905,0.03971713228559004,90.06912248728204,0.00012174707348663683,-0.10253590339228086,-0.2290876085210007,-0.16429269601684285,1.7375881162872215,0.10883503571756054,-0.011603616570559524,0.12709400593404624,0.10963188957286574,-0.01196157259434406,0.12147438096314313,-0.0007968538553052018,-0.0012064110811260114,0.0003446302054780914,0.0009411147533962675,-0.011603616570559524,0.12709400593404624,0.0009549462606251887,-0.01196157259434406,0.12147438096314313,0.0008870137781372263,-0.010397205489433512,5.4100975259041236e-05,-0.0012064110811260114,0.0003446302054780914,-0.0011210775096393184,0.0025526379186521647,-0.0021272775228775194,-0.00414342750816335,0.9986080383082069,0.9967897422316411,138,4280.0,4284.1,0.07945205479452055,29.0,13.155676057615667,-0.4121545093345915,13.555611836047396,12.961962338444208,12.951207607042594,13.472021921316207,13.309368651822615,13.061442986553953,13.115958925330077
2023-06-09,-0.011594914085959473,-0.3324821811023302,0.027181680997811597,0.31165387020462276,0.0046786992070195765,-0.04696665248293996,-0.0008898415183118402,0.31633256941164234,-0.047856494001251804,0.02522951060816858,-0.036824424694128055,0.02522951060816858,,6.537625378985087e-06,-0.04882643559636628,-0.04552767429043908,0.023668532025591455,-0.3621955604332843,0.10885419516625941,-0.011647396236804587,0.1254784713704603,0.10883503571756054,-0.011603616570559524,0.12709400593404624,1.9159448698874426e-05,-0.0004344663843530907,-0.002313237428664905,0.0009089824727348893,-0.011647396236804587,0.1254784713704603,0.0009411147533962675,-0.011603616570559524,0.12709400593404624,0.0009233667123919816,-0.011212929852451496,-1.438423965709223e-05,-0.0004344663843530907,-0.002313237428664905,-0.0002809548106796952,-0.0009048859612299787,-0.0006768855557938071,0.011605894675540379,0.9987666703229386,0.9986080383082069,136,4305.0,4308.25,0.07945205479452055,29.0,13.144081143529707,-0.02113270611440754,13.155676057615667,12.823193876513336,12.850375557511148,13.16202942771577,13.16670812692279,13.11974147443985,13.118851632921539
2023-06-12,1.1503229678498528,-1.0081163613331032,2.520959818686963,0.03472560706744332,-0.4276751933038838,-0.024367733652212564,0.07991669567166149,-0.3929495862364405,0.05554896201944892,-0.025119865287015486,1.1754428331368683,-0.025119865287015486,97.81627716831832,0.016066420171783818,0.04273501094062369,0.019922196076583357,-0.5012398353538057,3.835231749198184,0.11435760169328524,-0.012707471557757076,0.12517934827555244,0.10885419516625941,-0.011647396236804587,0.1254784713704603,0.005503406527025828,-0.003416445672632785,-0.002388665954040692,0.0010390470435237321,-0.012707471557757076,0.12517934827555244,0.0009089824727348893,-0.011647396236804587,0.1254784713704603,0.0008124788828047815,-0.009291025885124291,0.00022656816071895064,-0.003416445672632785,-0.002388665954040692,-0.0036094944210147573,-0.0054740472126183215,-0.00640109239457168,0.03554345166652803,0.9975509181175095,0.9987666703229386,75,4310.0,4314.45,0.07671232876712329,28.0,14.29440411137956,1.1416335167074951,13.144081143529707,12.135964782196604,14.656924600883567,14.69165020795101,14.263975014647126,14.239607280994914,14.319523976666575
2023-06-13,-0.16078731193439033,-0.5729671412606407,-0.5633111372833906,1.0995942331586388,0.5154990025948774,-0.47597135382133615,-0.2763777862871919,1.6150932357535162,-0.752349140108528,0.11274687096465286,-0.2735341828990432,0.11274687096465286,29.878253695378966,-0.0013413018288039068,-0.10450900938760375,-0.23871612147298935,0.2773960608268465,-2.882974275035516,0.1121767937962798,-0.01014806404419635,0.14413850539211545,0.11435760169328524,-0.012707471557757076,0.12517934827555244,-0.002180807897005435,0.0006838129697325085,0.015797298649864844,0.0009997955039067927,-0.01014806404419635,0.14413850539211545,0.0010390470435237321,-0.012707471557757076,0.12517934827555244,0.0009546885978291555,-0.010831877013928858,4.5106906077637234e-05,0.0006838129697325085,0.015797298649864844,0.0009564681096814135,0.01949052728578167,0.004845059526280119,-0.0769509565597967,0.9984432945977414,0.9975509181175095,51,4350.0,4353.1,0.07945205479452055,29.0,14.13361679944517,-0.05648018324015247,14.29440411137956,13.72143697011892,13.158125832835529,14.257720065994167,14.773219068589045,14.297247714767709,14.020869928480517
2023-06-14,-0.5744220393470858,-0.227320830165592,0.23404640212440775,-0.4894568701791524,-0.32077100532425185,0.15700209769610396,0.11656618268829355,-0.8102278755034042,0.2735682803843975,-0.0444880161868948,-0.529934023160191,-0.0444880161868948,92.25516899778742,-0.00043838964545461344,0.023748010592240545,0.01052414588562924,-0.2429988494601549,2.3674758809646934,0.11081376449928114,-0.010538724562546894,0.13344370349679044,0.1121767937962798,-0.01014806404419635,0.14413850539211545,-0.0013630292969986635,-0.0005320203202916172,-0.01069480189532504,0.0009756466347193484,-0.010538724562546894,0.13344370349679044,0.0009997955039067927,-0.01014806404419635,0.14413850539211545,0.0009948539477879245,-0.010006704242255277,-1.920731306857609e-05,-0.0005320203202916172,-0.01069480189532504,-0.0009754461817586772,-0.015221816467412164,-0.005644860311164748,0.06246302423756965,0.9977715641923316,0.9984432945977414,52,4380.0,4383.45,0.07945205479452055,29.0,13.559194760098084,-0.7534031926484541,14.13361679944517,13.906295969279578,14.140342371403985,13.650885501224833,13.330114495900581,13.487116593596685,13.603682776284979
2023-06-15,0.17660359145038385,-0.9824676227970031,1.40223361454097,-0.1484902529975649,-0.14164872279181573,0.053112206177363674,-0.011856800341305984,-0.29013897578938064,0.04125540583605769,0.0057211696597399,0.17088242179064395,0.0057211696597399,96.76044546277122,0.012456479457680346,0.016359174811422995,0.07071632191903984,-0.16364154212165832,0.4887732329209266,0.11448226262480897,-0.00859179606437055,0.14077696883868765,0.11081376449928114,-0.010538724562546894,0.13344370349679044,0.0036684981255278304,-0.0013395003213745888,0.005293720196308388,0.0010413136033292501,-0.00859179606437055,0.14077696883868765,0.0009756466347193484,-0.010538724562546894,0.13344370349679044,0.0008649300370691519,-0.0072522957429959605,0.00017638356626009828,-0.0013395003213745888,0.005293720196308388,-0.000410390323106179,0.014790011534388997,0.0014942965425410615,-0.0481452292525619,0.9987995073743834,0.9977715641923316,138,4380.0,4385.6,0.07945205479452055,29.0,13.735798351548468,0.35665363524130633,13.559194760098084,12.57672713730108,13.97896075184205,13.830470498844486,13.68882177605267,13.741933982230034,13.730077181888728
2023-06-16,-0.7430070692407043,0.04662976155866971,-0.3367770228835649,-0.1941283660193882,-0.33207245183500866,-0.05079669821810562,0.14623088201302714,-0.5262008178543969,0.09543418379492152,-0.022093173856333692,-0.7209138953843706,-0.022093173856333692,97.02651902371385,-0.0023212374155003237,0.0457702837346932,0.0032335774807796774,-0.41585606784572293,5.426140061952314,0.11173563105551572,-0.009350283520297807,0.12421869221552928,0.11448226262480897,-0.00859179606437055,0.14077696883868765,-0.002746631569293251,0.0003817740233827381,-0.01592827780020717,0.0009577420134972089,-0.009350283520297807,0.12421869221552928,0.0010413136033292501,-0.00859179606437055,0.14077696883868765,0.0010794436154211548,-0.009732057543680546,-0.0001217016019239459,0.0003817740233827381,-0.01592827780020717,-0.0001525643127986316,-0.020959440113952052,-0.006047084322174456,0.09653352205569597,0.9981986513945326,0.9987995073743834,150,4435.0,4438.95,0.07945205479452055,29.0,12.992791282307763,-0.9622282689463191,13.735798351548468,13.782428113107137,13.445651090223572,13.251522724204184,12.919450272369176,12.86865357415107,13.014884456164097
2023-06-20,0.4749490708311903,0.10469859481965216,0.009230697146296762,-0.00938030280161506,0.6114966980163281,0.017641455635338588,-0.3115768672749546,0.602116395214713,-0.293935411639616,0.05283879529014435,0.42211027554104597,0.05283879529014435,88.87485026601418,-0.0036285699925204945,0.026425998425192238,-0.016248338644064685,0.32857354725212473,-2.7165463917182304,0.113693918800893,-0.008120951949617976,0.1260463070908236,0.11173563105551572,-0.009350283520297807,0.12421869221552928,0.001958287745377277,0.00209416745222377,0.0020719489128589175,0.0010270216657447054,-0.008120951949617976,0.1260463070908236,0.0009577420134972089,-0.009350283520297807,0.12421869221552928,0.0009920650543663557,-0.010215119401841746,3.495661137834969e-05,0.00209416745222377,0.0020719489128589175,0.002442350673649644,0.005376910755771042,0.006502232503322925,-0.08033918938801063,0.9987506439221863,0.9981986513945326,49,4420.0,4421.2,0.07671232876712329,28.0,13.467740353138954,0.6556390492700732,12.992791282307763,13.097489877127416,13.106720574273712,13.097340271472097,13.708836969488425,13.726478425123764,13.41490155784881
2023-06-21,-0.645314845441824,0.39280039666011746,-0.31962233047090827,-0.611272631001345,-0.2501737806591411,0.20933637386460546,0.08206780219296661,-0.8614464116604861,0.2914041760575721,-0.14845067602811923,-0.4968641694137048,-0.14845067602811923,76.99562049800971,-0.005013026849410668,-0.02850005526079404,-0.2734368358146701,-0.2709627163500059,3.9881639342781887,0.11040787677260716,-0.010593265343252079,0.11116265089714851,0.113693918800893,-0.008120951949617976,0.1260463070908236,-0.003286042028285835,-0.0010982425221294223,-0.014883656193675113,0.0009685125434236194,-0.010593265343252079,0.11116265089714851,0.0010270216657447054,-0.008120951949617976,0.1260463070908236,0.0010750310012903209,-0.009495022821122657,-0.00010651845786670147,-0.0010982425221294223,-0.014883656193675113,-0.0016605433337893785,-0.020455232049664915,-0.004221985174658523,0.06232382777691153,0.9984572752250509,0.9987506439221863,54,4400.0,4405.95,0.07945205479452055,29.0,12.82242550769713,-0.7296724250564299,13.467740353138954,13.860540749799071,13.540918419328163,12.929645788326818,12.679472007667677,12.888808381532282,12.970876183725249
2023-06-22,-0.5118224597672363,-0.15926534748195387,-0.28036341773276163,0.0685934708778646,-0.13531241581457643,-0.042744388580992165,0.04450454299651341,-0.06671894493671182,0.0017601544155212423,-0.007234904031330203,-0.5045875557359061,-0.007234904031330203,98.58644264368147,-0.002086529836752949,-0.01673878002376406,-0.032182196069648034,-0.20324524080402076,2.22923855930405,0.10661596635784962,-0.009565828404591666,0.11472386707549366,0.11040787677260716,-0.010593265343252079,0.11116265089714851,-0.0037919104147575433,0.0003410243902169062,0.0035612161783450114,0.0009031286690140425,-0.009565828404591666,0.11472386707549366,0.0009685125434236194,-0.010593265343252079,0.11116265089714851,0.000936866261554275,-0.009906852794808572,-3.373759254023253e-05,0.0003410243902169062,0.0035612161783450114,-0.0005301004430741073,-0.0034483191375734717,-0.000732311973535375,-0.0139791789551523,0.997799838387626,0.9984572752250509,197,4380.0,4382.0,0.07945205479452055,29.0,12.310603047929893,-0.5554110319874894,12.82242550769713,12.663160160215176,12.382796742482414,12.451390213360279,12.316077797545702,12.27333340896471,12.317837951961224
2023-06-23,0.3077917555325964,0.599445909027672,-0.679616259826739,0.26545541185772237,0.19823086758389863,-0.05443423075068843,-0.05450478173738915,0.463686279441621,-0.10893901248807758,0.033214839378119976,0.27457691615447644,0.033214839378119976,89.20866502072296,-0.005489497945852099,-0.04051394429050497,-0.05407201374952783,0.24329657337554458,-1.8014887974589948,0.10837181962155293,-0.010404436492539486,0.1126738241764305,0.10661596635784962,-0.009565828404591666,0.11472386707549366,0.0017558532637033109,0.0008724519024306595,-0.0011199637506858623,0.0009009442084011489,-0.010404436492539486,0.1126738241764305,0.0009031286690140425,-0.009565828404591666,0.11472386707549366,0.0009839336393642774,-0.011276888394970146,-8.298943096312857e-05,0.0008724519024306595,-0.0011199637506858623,0.0013804211684678245,0.0035107476252197456,0.0016452244473353743,0.00038222295406251106,0.9988706903100502,0.997799838387626,192,4395.0,4395.55,0.07945205479452055,29.0,12.61839480346249,0.3833654054818023,12.310603047929893,12.910048956957565,12.230432697130826,12.495888108988549,12.694118976572447,12.639684745821759,12.58517996408437
2023-06-26,1.1335013300042398,0.30953808778466474,0.5908868696739056,0.4555829228925372,-0.060605237740405826,-0.19264421474201576,0.032371303836406184,0.3949776851521314,-0.16027291090560958,-0.0016284017008523222,1.1351297317050921,-0.0016284017008523222,99.85633879222301,0.0017168309017716028,0.00522466959266519,-0.013706719425969436,-0.03346266847119577,0.8375847983454443,0.11010422360695091,-0.012368578824034316,0.11828371076003572,0.10837181962155293,-0.010404436492539486,0.1126738241764305,0.001732403985397979,-0.0010599508780904064,0.006185844977983704,0.0009631924976071066,-0.012368578824034316,0.11828371076003572,0.0009009442084011489,-0.010404436492539486,0.1126738241764305,0.0009458247898217734,-0.01130862794594391,1.7367707785333284e-05,-0.0010599508780904064,0.006185844977983704,-0.0016793967620177038,-0.0001899611171136545,-1.06713524829858e-05,0.01630919909776407,0.9957023790697982,0.9988706903100502,76,4360.0,4362.9,0.07671232876712329,28.0,13.75189613346673,1.1225598201883606,12.61839480346249,12.927932891247155,13.51881976092106,13.974402683813597,13.913797446073191,13.721153231331176,13.753524535167582
2023-06-27,-0.3947835987398456,-0.9798173797530101,0.0028784427885657493,0.5203584955537242,0.22497374038004558,-0.19006774849790453,-0.11830845346507068,0.7453322359337697,-0.3083762019629752,0.14519930425380423,-0.5399829029936498,0.14519930425380423,63.22053278877788,0.006469144033005522,0.016340647761297407,0.1660185468863318,0.13233108910652241,-4.239050864503443,0.10961855646798188,-0.01033354881296883,0.12110576848157913,0.11010422360695091,-0.012368578824034316,0.11828371076003572,-0.0004856671389690259,-0.0007928270819901068,-0.0017473586239981076,0.0009547139992920545,-0.01033354881296883,0.12110576848157913,0.0009631924976071066,-0.012368578824034316,0.11828371076003572,0.0008358297766964252,-0.009540721730978724,0.0001188842225956293,-0.0007928270819901068,-0.0017473586239981076,-0.000201192691786636,0.00439128065095884,0.0022554552048152186,-0.0818846074811844,0.997833359796927,0.9957023790697982,47,4345.0,4345.6,0.07945205479452055,29.0,13.357112534726884,-0.30538944486684727,13.75189613346673,12.77207875371372,12.774957196502285,13.29531569205601,13.520289432436055,13.33022168393815,13.21191323047308
2023-06-28,-0.17302419057653218,-0.02503180937615923,0.44877854438396625,-0.44683811456784284,-0.3702542586113271,0.13222044733326932,0.11769958244239831,-0.8170923731791699,0.24992002977566763,-0.029598582180836885,-0.1434256083956953,-0.029598582180836885,82.89338497570094,0.004297261415500213,0.06645045670128048,0.10603158251570503,-0.5039107896751022,5.886806754684847,0.11154396643009583,-0.012392967130611644,0.10174262317642352,0.10961855646798188,-0.01033354881296883,0.12110576848157913,0.001925409962113947,-0.0018333461129296427,-0.019363145305155607,0.0009885469505802522,-0.012392967130611644,0.10174262317642352,0.0009547139992920545,-0.01033354881296883,0.12110576848157913,0.0009644644947190766,-0.010559621017682002,2.4082455861175554e-05,-0.0018333461129296427,-0.019363145305155607,-0.0022016430905743723,-0.02341363029495537,-0.00883230578634345,0.12567282540312746,0.9967043675242929,0.997833359796927,54,4390.0,4394.75,0.07945205479452055,29.0,13.184088344150352,-0.3538150991375417,13.357112534726884,13.332080725350725,13.780859269734691,13.334021155166848,12.963766896555521,13.09598734388879,13.213686926331189
2023-06-29,-0.1501097155335671,-0.4269562242401541,-0.06535283325614216,0.47346240091719416,0.07960285718749738,-0.21524005833413185,-0.043727241362507385,0.5530652581046915,-0.25896729969663923,0.04810138355467686,-0.19821109908824397,0.04810138355467686,67.95584923753948,-0.0011967003960999434,-0.11834932810314366,-0.3045382091733083,0.18619031665347743,-2.4605772264219476,0.11147149987625543,-0.0111703008630616,0.11291760166258655,0.11154396643009583,-0.012392967130611644,0.10174262317642352,-7.246655384039735e-05,0.0002425139100380412,0.011174978486162945,0.000987262913027941,-0.0111703008630616,0.11291760166258655,0.0009885469505802522,-0.012392967130611644,0.10174262317642352,0.0009312128350275137,-0.011412814773099642,5.6050078000427386e-05,0.0002425139100380412,0.011174978486162945,0.0002869265177270954,0.012133536091504152,0.0008280828678291705,-0.03019965674566405,0.9989944378603222,0.9967043675242929,148,4390.0,4390.65,0.07945205479452055,29.0,13.033978628616785,-0.08561280016750317,13.184088344150352,12.757132119910198,12.691779286654056,13.16524168757125,13.244844544758747,13.029604486424615,12.985877245062108
2023-06-30,-0.49407330210337896,-1.1625821041512374,-0.1461766218800733,0.9060056563637477,0.2857132678197818,-0.28969866094624486,-0.1490916441857344,1.1917189241835295,-0.43879030513197925,0.061756804876381466,-0.5558301069797604,0.061756804876381466,87.50047723415348,-0.0009512110864903083,-0.13356653530237356,-0.2030331607714792,0.24882006142367513,-2.63862147073508,0.1059385471946161,-0.007836399683588314,0.1368665887230581,0.11147149987625543,-0.0111703008630616,0.11291760166258655,-0.005532952681639336,0.0005502999395599548,0.023014329722009494,0.0008609406079116858,-0.007836399683588314,0.1368665887230581,0.000987262913027941,-0.0111703008630616,0.11291760166258655,0.0008671811006426232,-0.008386699623148268,-6.240492730937453e-06,0.0005502999395599548,0.023014329722009494,0.0010329747100344781,0.027438938799654533,0.00546614637498308,-0.09043070312734383,0.9981981208997273,0.9989944378603222,144,4410.0,4411.85,0.07945205479452055,29.0,12.539905326513406,-0.34080450958000696,13.033978628616785,11.871396524465547,11.725219902585474,12.631225558949222,12.916938826769004,12.627240165822759,12.478148521637024
2023-07-03,0.5005393064438479,-0.21982922373735825,1.2845147585844714,-0.2995663654178937,-0.4921413837553743,0.13867143058699227,0.14325614148072674,-0.791707749173268,0.281927572067719,-0.05436605129771621,0.5549053577415641,-0.05436605129771621,89.13850508884758,0.007779742350713184,0.08041572531715123,0.08468594915388147,-0.605662387470384,5.894418228506816,0.10779380374595192,-0.010679158650994374,0.1185885317571684,0.1059385471946161,-0.007836399683588314,0.1368665887230581,0.0018552565513358238,-0.003097028306174798,-0.018278056965889702,0.0009231934785057622,-0.010679158650994374,0.1185885317571684,0.0008609406079116858,-0.007836399683588314,0.1368665887230581,0.0008537795113437009,-0.007582130344819576,6.941396716206132e-05,-0.003097028306174798,-0.018278056965889702,-0.0036431114010288847,-0.024315545360877003,-0.007777894351406497,0.08867880538162856,0.9981956428203134,0.9981981208997273,85,4465.0,4465.6,0.07671232876712329,28.0,13.040444632957254,0.3316605037726159,12.539905326513406,12.320076102776047,13.604590861360519,13.305024495942625,12.81288311218725,12.951554542774243,13.09481068425497
2023-07-05,0.7631020384855063,0.10186608408811182,0.6885397734376077,0.04827275645888918,-0.01570341544156051,-0.06431967946471495,-0.01924786393410649,0.03256934101732867,-0.08356754339882144,0.02369438334127949,0.7394076551442268,0.02369438334127949,96.89499147606726,0.00564938867985267,0.012978776295814386,-0.0022692010662794856,-0.052668899861649125,-0.07666247576506936,0.11411212724063438,-0.010811238164004155,0.12295495937802599,0.10779380374595192,-0.010679158650994374,0.1185885317571684,0.006318323494682462,0.00015728872569362347,0.004366427620857524,0.0010345910956660253,-0.010811238164004155,0.12295495937802599,0.0009231934785057622,-0.010679158650994374,0.1185885317571684,0.0009363991244145525,-0.010968526889697778,9.819197125147277e-05,0.00015728872569362347,0.004366427620857524,-0.00021658323910846503,0.0018098970681544174,0.00042671392463362705,-0.027305603311984394,0.998577258542851,0.9981956428203134,51,4465.0,4469.75,0.07945205479452055,29.0,13.80354667144276,0.8434369173690399,13.040444632957254,13.142310717045365,13.830850490482973,13.879123246941862,13.863419831500302,13.799100152035587,13.77985228810148
2023-07-06,1.005842955656572,0.7361308193172675,0.1118329848962798,0.09345043093861527,0.007932278503982815,-0.03273475323943842,0.01622266787545712,0.10138270944259808,-0.0165120853639813,0.07300852736440788,0.9328344282921641,0.07300852736440788,92.74155801819471,-0.0004173746047864372,-0.07053117401591888,-0.14484857569963297,0.11555841222349388,-0.2704337951898521,0.1249714714554712,-0.013629585938094083,0.11375363432861996,0.11411212724063438,-0.010811238164004155,0.12295495937802599,0.010859344214836822,-0.0008134145596325366,-0.00920132504940599,0.001240871757957874,-0.013629585938094083,0.11375363432861996,0.0010345910956660253,-0.010811238164004155,0.12295495937802599,0.0011309096549232272,-0.012816171378461546,0.0001099621030346467,-0.0008134145596325366,-0.00920132504940599,-0.0007442663231756359,-0.0073643591746905546,-0.00308751033392108,0.04329462289686287,0.9983322821504281,0.998577258542851,148,4460.0,4464.3,0.07945205479452055,29.0,14.809389627099332,1.0223039809129943,13.80354667144276,14.539677490760027,14.651510475656307,14.744960906594923,14.752893185098905,14.720158431859467,14.736381099734924
2023-07-07,-0.562418076290129,0.045761543285404827,-0.48772317029223444,-0.11639603966626666,-0.110255121408672,0.0891765750624387,0.06975232664831132,-0.22665116107493866,0.15892890171075003,-0.05273418991911072,-0.5096838863710182,-0.05273418991911072,90.62366731400944,-0.007449345390674979,-0.04095265684753218,-0.07712534637799294,0.06314662823091678,0.297554262275929,0.12086309288029368,-0.013026896495625157,0.11351837528924466,0.1249714714554712,-0.013629585938094083,0.11375363432861996,-0.0041083785751775265,0.001289303073769255,0.0001066006461717256,0.001120605047058997,-0.013026896495625157,0.11351837528924466,0.001240871757957874,-0.013629585938094083,0.11375363432861996,0.0012833495619412852,-0.014316199569394412,-0.0001627445148822881,0.001289303073769255,0.0001066006461717256,0.0015342715228597557,0.0023220015879253653,0.0010208922093926376,0.011659856192040213,0.998593947284208,0.9983322821504281,149,4425.0,4428.05,0.07945205479452055,29.0,14.246971550809203,-0.6301227730328431,14.809389627099332,14.855151170384737,14.367428000092502,14.251031960426236,14.140776839017564,14.229953414080002,14.299705740728314
2023-07-10,0.39329549149071674,-0.2331126551715883,0.5170965039361999,0.2438413981100993,-0.044123237334400045,-0.13267317421219182,0.002907101084412389,0.19971816077569926,-0.12976607312777944,0.03935955507818534,0.3539359364125314,0.03935955507818534,89.99237063994812,0.0096090592829121,0.13735917340559606,0.2373320151328982,-0.42646505247589295,3.4083167688086786,0.12069699898524984,-0.013596338628710796,0.11192688155361075,0.12086309288029368,-0.013026896495625157,0.11351837528924466,-0.00016609389504383676,-0.0011010180872981761,-0.0019867340677142964,0.0011574389078282648,-0.013596338628710796,0.11192688155361075,0.001120605047058997,-0.013026896495625157,0.11351837528924466,0.0010906115174743479,-0.01249532054141262,6.682739035391693e-05,-0.0011010180872981761,-0.0019867340677142964,-0.001855842014910014,-0.010563400140380041,-0.0034335159498533364,0.027460263102323135,0.9948488663366089,0.998593947284208,47,4410.0,4414.85,0.07671232876712329,28.0,14.64026704229992,0.3570627047872872,14.246971550809203,14.013858895637615,14.530955399573815,14.774796797683914,14.730673560349514,14.598000386137322,14.600907487221734
2023-07-11,-0.11482571216837556,-0.7021158542324955,0.24356950281344325,0.4374344213592636,0.0832374890745804,-0.1965742295599373,-0.05497261266271636,0.520671910433844,-0.25154684222265367,0.07459557103948633,-0.1894212832078619,0.07459557103948633,35.03582984087872,0.002266434645005515,-0.025520349506656288,-0.03973323639431235,0.02682351885895248,-0.609786646492144,0.11918586236568908,-0.011381428247481043,0.1229331711971086,0.12069699898524984,-0.013596338628710796,0.11192688155361075,-0.00151113661956076,0.0006747272957022214,0.01100628964349791,0.0011286378735554424,-0.011381428247481043,0.1229331711971086,0.0011574389078282648,-0.013596338628710796,0.11192688155361075,0.001069190363160693,-0.012056155543183265,5.944751039474948e-05,0.0006747272957022214,0.01100628964349791,0.0011388932541957445,0.01584272018935884,0.0037788477545473934,-0.07430124782054315,0.9986156672275516,0.9948488663366089,35,4420.0,4424.95,0.07945205479452055,29.0,14.525441330131544,-0.017307933801300024,14.64026704229992,13.938151188067424,14.181720690880868,14.619155112240131,14.702392601314711,14.505818371754774,14.450845759092058
2023-07-12,-1.269071570413466,-0.8278328510223343,-0.5516679987384876,0.3253184484777236,-0.10843270414438777,-0.1220222080349771,0.024894608255944917,0.21688574433333585,-0.09712759977903218,-0.009328865206947867,-1.2597427052065182,-0.009328865206947867,99.26490629650553,-0.0045297654987004575,-0.06543380534372721,-0.14923035356510075,-0.09639415350682694,0.5215973547819098,0.1102830052140724,-0.010456125649092575,0.12348704537125252,0.11918586236568908,-0.011381428247481043,0.1229331711971086,-0.008902857151616678,-0.0009520101962198404,-0.0015287505960418224,0.0009663230025544288,-0.010456125649092575,0.12348704537125252,0.0011286378735554424,-0.011381428247481043,0.1229331711971086,0.0010449459567610747,-0.009504115452872735,-7.862295420664586e-05,-0.0009520101962198404,-0.0015287505960418224,-0.0009684256999135839,-0.0015593079778631613,-0.0015210715048930533,0.0058272417153908684,0.9987681417396606,0.9986156672275516,34,4450.0,4455.5,0.07945205479452055,29.0,13.256369759718078,-1.3645658626851294,14.525441330131544,13.69760847910921,13.145940480370722,13.471258928848446,13.362826224704058,13.240804016669081,13.265698624925026
2023-07-13,-0.18237935043167397,-0.6871596497630943,0.8351015733223228,-0.14026186988078493,-0.10144681540624667,-0.04728438808296076,0.004078387441900588,-0.2417086852870316,-0.04320600064106017,-0.04540658806281073,-0.13697276236886324,-0.04540658806281073,75.10321867287179,0.008276041488471948,0.021015556315319203,0.010389465685163806,-0.10221532247877733,0.05917697432509163,0.10978993611264652,-0.009243617578497744,0.13154034763615446,0.1102830052140724,-0.010456125649092575,0.12348704537125252,-0.0004930691014258803,-0.0008691543653516296,0.008053302264901974,0.0009577015673341129,-0.009243617578497744,0.13154034763615446,0.0009663230025544288,-0.010456125649092575,0.12348704537125252,0.0008869646185161953,-0.008374463213146114,7.073694881791763e-05,-0.0008691543653516296,0.008053302264901974,-0.0005692860418918793,0.01081248580929188,0.0033200464473624996,-0.05929877809705582,0.9989740192413828,0.9987681417396606,140,4475.0,4489.45,0.07945205479452055,29.0,13.073990409286404,-0.04996268575606777,13.256369759718078,12.569210109954984,13.404311683277307,13.264049813396522,13.162602997990275,13.115318609907314,13.119396997349215
2023-07-14,-0.21705225300744146,-0.01334750334510737,-0.03753649243686752,-0.17971823769675055,-0.23737705100804973,0.17117672891737712,0.09599332376350844,-0.4170952887048003,0.26717005268088556,-0.016243021201551855,-0.2008092318058896,-0.016243021201551855,92.5165387705075,-0.002088076362516319,-0.01440740471147198,0.024101112666014227,-0.25031166304415947,3.589261442430224,0.10898264724091558,-0.010059797970422647,0.12192268634759833,0.10978993611264652,-0.009243617578497744,0.13154034763615446,-0.0008072888717309407,-0.00015060760691701716,-0.009221228689731617,0.0009111290059996155,-0.010059797970422647,0.12192268634759833,0.0009577015673341129,-0.009243617578497744,0.13154034763615446,0.0009823406403036477,-0.00990919036350563,-7.121163430403221e-05,-0.00015060760691701716,-0.009221228689731617,-0.0002710625672899397,-0.01040104413318628,-0.0036552551979908993,0.053483300956403884,0.999378024895957,0.9989740192413828,148,4525.0,4527.45,0.07945205479452055,29.0,12.856938156278963,-0.357999753823945,13.073990409286404,13.060642905941297,13.02310641350443,12.843388175807679,12.606011124799629,12.777187853717006,12.873181177480514
2023-07-17,0.2835850351426359,-0.44153439992367893,0.41300222170403345,0.37511229380988453,0.15462878843017513,-0.19037464279133154,-0.09288845489698438,0.5297410822400597,-0.2832630976883159,0.06563922881053763,0.21794580633209826,0.06563922881053763,76.85377552538243,0.003385184974202633,0.058328898167595164,0.11985176493632341,0.16952018590141307,-3.3541990359133935,0.10716169864382058,-0.008844149885451997,0.12832081664434505,0.10898264724091558,-0.010059797970422647,0.12192268634759833,-0.0018209485970950012,6.625982430280043e-05,0.005886261968669412,0.0009123979726866891,-0.008844149885451997,0.12832081664434505,0.0009111290059996155,-0.010059797970422647,0.12192268634759833,0.0008662584341192752,-0.008910409709754798,4.613953856741392e-05,6.625982430280043e-05,0.005886261968669412,0.0005730843308767771,0.010489692104994938,0.005030715454348099,-0.08542798499708854,0.9990216842073059,0.999378024895957,33,4515.0,4516.2,0.07671232876712329,28.0,13.140523191421599,0.39618334451900594,12.856938156278963,12.415403756355284,12.828405978059317,13.203518271869202,13.358147060299377,13.167772417508045,13.074883962611061
2023-07-18,-0.08035837090404208,-0.6202148914934469,0.5490901390818568,0.11953882661060078,-0.047476803867709805,-0.027472533300921143,-0.019738805714622387,0.07206202274289097,-0.04721133901554353,-0.03408430221979941,-0.046274068684242664,-0.03408430221979941,57.584627666854615,0.0023326712452065037,-0.05838491765309002,-0.13692593576069373,-0.029360329155005936,-0.1009758154913784,0.10633562363878377,-0.008282454873933974,0.1315915341911424,0.10716169864382058,-0.008844149885451997,0.12832081664434505,-0.0008260750050368137,-0.0013206394918991848,0.003270717546797225,0.0008983854268077344,-0.008282454873933974,0.1315915341911424,0.0009123979726866891,-0.008844149885451997,0.12832081664434505,0.0008544336560605311,-0.006961815382034789,4.395177074720323e-05,-0.0013206394918991848,0.003270717546797225,-0.0010276145595187703,0.005940247028811713,-0.0008624069350180955,0.004661698592584751,0.9990207911090978,0.9990216842073059,36,4530.0,4537.15,0.07945205479452055,29.0,13.060164820517556,-0.0657385118649021,13.140523191421599,12.520308299928152,13.069398439010008,13.18893726562061,13.1414604617529,13.113987928451978,13.094249122737356
2023-07-19,0.1748604560348106,-0.33102993529083413,0.5815645119414139,0.18953394212287833,-0.18576609315501003,-0.09710926631472638,0.05461716910799552,0.0037678489678683036,-0.04249209720673086,-0.03694987237690661,0.2118103284117172,-0.03694987237690661,78.86893742885425,0.005556721558542281,-0.04000469375667258,-0.126016203353296,-0.1743359772209586,1.4777928111790908,0.11048618527067412,-0.00905270169320677,0.1328399143770952,0.10633562363878377,-0.008282454873933974,0.1315915341911424,0.0041505616318903565,-0.0015177549716881705,0.0012483801859526633,0.0009698868957104277,-0.00905270169320677,0.1328399143770952,0.0008983854268077344,-0.008282454873933974,0.1315915341911424,0.0008759226659711328,-0.007534946721518599,9.396422973929485e-05,-0.0015177549716881705,0.0012483801859526633,-0.001888479134139304,-0.001998015314118723,-0.00042978862104518616,-0.026588420994576506,0.9993700666860124,0.9990207911090978,37,4560.0,4570.55,0.07945205479452055,29.0,13.235025276552367,0.16111048095399383,13.060164820517556,12.729134885226722,13.310699397168136,13.500233339291015,13.314467246136005,13.217357979821278,13.271975148929274
2023-07-20,0.3553238621540231,0.7852263417716117,-0.22914069556922456,-0.03461224876122948,-0.1807881425796687,-0.029529988601911583,0.0747589643732951,-0.21540039134089817,0.04522897577138352,-0.030590368478849328,0.38591423063287245,-0.030590368478849328,91.3908488179189,-0.00105420063484984,0.005007555069031706,0.013051679812803642,-0.2887313767309079,3.5108926662446467,0.11176203162131698,-0.011247555502821568,0.13137973571900646,0.11048618527067412,-0.00905270169320677,0.1328399143770952,0.0012758463506428591,-0.0003130774301265092,-0.00146017865808859,0.000992415889456448,-0.011247555502821568,0.13137973571900646,0.0009698868957104277,-0.00905270169320677,0.1328399143770952,0.0010406702196692364,-0.01093447807269506,-4.82543302127885e-05,-0.0003130774301265092,-0.00146017865808859,-0.0005398749664291321,-0.0035044633078975262,-0.004224645968229808,0.06169377159232127,0.9997837784586122,0.9993700666860124,200,4580.0,4583.55,0.07945205479452055,29.0,13.59034913870639,0.2586307324506212,13.235025276552367,14.020251618323979,13.791110922754754,13.756498673993525,13.575710531413856,13.546180542811944,13.62093950718524
2023-07-21,-0.5620744870545451,-0.13537256274239517,-0.6880250269944739,0.1773265329806737,0.14795798878441424,-0.06289590165240533,-0.046651223294610134,0.32528452176508793,-0.10954712494701546,0.04558570586425148,-0.6076601929187966,0.04558570586425148,91.88973936477075,-0.010309811920877866,-0.10407505801884205,-0.2768900889797374,0.3798767972860528,-3.1419020384656076,0.10745014840589909,-0.009946945549054809,0.13012408748813784,0.11176203162131698,-0.011247555502821568,0.13137973571900646,-0.004311883215417894,0.001315043877153246,-0.0012556482308686556,0.0008856848301057334,-0.009946945549054809,0.13012408748813784,0.000992415889456448,-0.011247555502821568,0.13137973571900646,0.000993034137478472,-0.011261989426208055,-0.00010734930737273866,0.001315043877153246,-0.0012556482308686556,0.0018076596361337825,0.003070294291578457,0.0032340867551438474,-0.03238731411908209,0.999721453275337,0.9997837784586122,199,4550.0,4551.2,0.07945205479452055,29.0,13.028274651651845,-0.49819336889877874,13.59034913870639,13.454976575963995,12.766951548969521,12.944278081950195,13.092236070734609,13.029340169082204,12.982688945787594
2023-07-24,0.35888789714068814,-0.3832171422062558,0.5547047301185835,0.4945133984758652,-0.17270807916295894,-0.218460948889323,0.04123970182488712,0.32180531931290624,-0.17722124706443587,0.04281623697989012,0.316071660160798,0.04281623697989012,88.06974620180472,0.004565118271672584,-0.009668099038404368,-0.06233974821173094,-0.34517355111460574,3.571945985278451,0.10937667397303999,-0.011543786593150553,0.1226409067560361,0.10745014840589909,-0.009946945549054809,0.13012408748813784,0.001926525567140902,-0.0025963797291422425,-0.007855067710060185,0.000950505335541742,-0.011543786593150553,0.1226409067560361,0.0008856848301057334,-0.009946945549054809,0.13012408748813784,0.0008486416519340496,-0.00894740686400831,0.00010186368360769237,-0.0025963797291422425,-0.007855067710060185,-0.0038075811170922014,-0.018477604267828684,-0.007116546030439803,0.08173275189296256,0.9985011725024845,0.999721453275337,35,4550.0,4550.95,0.07671232876712329,28.0,13.387162548792533,0.2969533116966332,13.028274651651845,12.64505750944559,13.199762239564173,13.694275638040038,13.521567558877079,13.303106609987756,13.344346311812643
2023-07-25,0.226710668507641,-0.30731930903034943,0.7324685751600146,-0.12947037884183388,-0.11178517115759412,0.03334713734166428,0.018482220392073145,-0.241255549999428,0.051829357733737424,-0.00901240535633363,0.23572307386397462,-0.00901240535633363,96.02471051950964,0.004074836798849757,-0.016532284709275483,-0.08527465744336561,-0.12355929629803966,0.7891849494362982,0.1119336122325984,-0.010962720157292145,0.12703204404705618,0.10937667397303999,-0.011543786593150553,0.1226409067560361,0.002556938259558411,-0.0002069408985831498,0.0043911372910201,0.000995465405138886,-0.010962720157292145,0.12703204404705618,0.000950505335541742,-0.011543786593150553,0.1226409067560361,0.0009146848619515529,-0.010755779258708995,8.078054318733313e-05,-0.0002069408985831498,0.0043911372910201,-0.0008137477603312685,-0.001111983905626071,-0.0011090717959263228,-0.01475421956354489,0.9982561645065957,0.9985011725024845,38,4560.0,4568.3,0.07945205479452055,29.0,13.613873217300174,0.23685758118885936,13.387162548792533,13.079843239762184,13.812311814922198,13.682841436080365,13.57105626492277,13.604403402264435,13.622885622656508
2023-07-26,-0.5845734035237804,-0.05387237394708144,-0.619523920321102,-0.012738282920388144,0.04447445784807336,0.04067092822490359,-0.009094502324067832,0.03173617492768521,0.03157642590083576,0.02551028991588211,-0.6100836934396625,0.02551028991588211,95.63608440580647,-0.006035657282992646,-0.003243380006315702,0.025310981861719206,0.15993038692214778,-1.6596465282807857,0.106065367403798,-0.010950191432078553,0.11886418350272965,0.1119336122325984,-0.010962720157292145,0.12703204404705618,-0.005868244828800398,9.756930513617201e-06,-0.008167860544326555,0.0008938246649659644,-0.010950191432078553,0.11886418350272965,0.000995465405138886,-0.010962720157292145,0.12703204404705618,0.0009953458189020663,-0.01095994836259217,-0.00010152115393610185,9.756930513617201e-06,-0.008167860544326555,0.0007761795435903187,-0.001300867744664272,0.00039654206804300846,0.017279629767116833,0.9991326004990733,0.9982561645065957,37,4580.0,4583.0,0.07945205479452055,29.0,13.029299813776394,-0.6111937144534707,13.613873217300174,13.560000843353093,12.94047692303199,12.927738640111603,12.972213097959676,13.01288402618458,13.003789523860512
2023-07-27,1.0571673406177844,0.4775167727348375,0.38373568143391346,0.32826450792707895,-0.031906535908039046,-0.13057918705988136,0.022282329411979163,0.2963579720190399,-0.1082968576479022,0.007853772077895727,1.0493135685398887,0.007853772077895727,99.25709282001597,0.004249848124450957,-0.05521373125192353,-0.09084844692370243,-0.005455547139264386,0.31796217037813373,0.1160418714705635,-0.013485675714749602,0.12510766376884805,0.106065367403798,-0.010950191432078553,0.11886418350272965,0.009976504066765493,-0.0011203838491735327,0.006243480266118498,0.0010698788002666648,-0.013485675714749602,0.12510766376884805,0.0008938246649659644,-0.010950191432078553,0.11886418350272965,0.0009632184670967656,-0.01236529186557607,0.00010666033316989918,-0.0011203838491735327,0.006243480266118498,-0.001353034144647559,0.003952778714701649,-0.0008192092961342885,0.011368765621569743,0.9992020770472466,0.9991326004990733,143,4580.0,4583.05,0.07945205479452055,29.0,14.086467154394178,1.1174137482574125,13.029299813776394,13.506816586511231,13.890552267945145,14.218816775872224,14.186910239964185,14.056331052904303,14.078613382316282
2023-07-28,-1.3069052587240222,-0.9854248279090072,-0.29708708860151134,-0.19665735291136066,0.06023159395838462,0.07737601879355971,-0.021812452890129563,-0.13642575895297604,0.055563565903430145,0.05646885083604225,-1.3633741095600644,0.05646885083604225,95.67919323462094,-0.0018339233441260019,0.030317636283339548,0.06151183525408969,0.02224693878366401,-0.11410917998885466,0.10816822291185371,-0.009839748905317438,0.12029021848476677,0.1160418714705635,-0.013485675714749602,0.12510766376884805,-0.007873648558709784,0.0014397275782781008,-0.005972608926793008,0.0008975622042231159,-0.009839748905317438,0.12029021848476677,0.0010698788002666648,-0.013485675714749602,0.12510766376884805,0.000961318731136056,-0.011279476483595539,-6.375652691294003e-05,0.0014397275782781008,-0.005972608926793008,0.0017825059749106541,-0.002952561879053045,0.0027490221706473524,-0.050497855537866926,0.9996673409668922,0.9992020770472466,143,4555.0,4555.85,0.07945205479452055,29.0,12.779561895670156,-1.3221985300890804,14.086467154394178,13.101042326485171,12.80395523788366,12.607297884972299,12.667529478930684,12.744905497724243,12.723093044834114
2023-07-31,0.47336140878133826,-0.2730709074004469,0.7176957732894742,0.22231503771968164,-0.20906728266788832,-0.08632252083783065,0.06576337643367758,0.01324775505179332,-0.020559144404153074,0.03604793224467073,0.4373134765366675,0.03604793224467073,92.38469136352379,0.003927844179801799,0.01731331785350815,-0.0016464853188053715,-0.27880458571586625,2.6832583647448076,0.10971496590576399,-0.01156854861918782,0.11208880869670036,0.10816822291185371,-0.009839748905317438,0.12029021848476677,0.0015467429939102773,-0.0020505660083865885,-0.008201409788066494,0.0009563940782668101,-0.01156854861918782,0.11208880869670036,0.0008975622042231159,-0.009839748905317438,0.12029021848476677,0.0008846171251912603,-0.009517982610801232,7.177695307554975e-05,-0.0020505660083865885,-0.008201409788066494,-0.0022100315631135414,-0.009891627405195419,-0.0061328353474296975,0.07693929853900502,0.9978928840495747,0.9996673409668922,38,4595.0,4595.2,0.07671232876712329,28.0,13.252923304451494,0.4094501696270765,12.779561895670156,12.506490988269709,13.224186761559183,13.446501799278865,13.237434516610977,13.151111995773146,13.216875372206824
2023-08-01,0.09497388276688312,0.1447246923236314,0.11591617591987458,-0.3341195592425539,0.10123065987082391,0.12030456943941026,-0.04559991882354453,-0.23288889937172996,0.07470465061586573,-0.007482736720758609,0.10245661948764173,-0.007482736720758609,92.12126902390074,0.001063971417851945,0.06848208716090717,0.16811004274667654,0.29499449478892664,-3.484663839081776,0.11120250951406342,-0.009757247041758904,0.12299494936064356,0.10971496590576399,-0.01156854861918782,0.11208880869670036,0.0014875436082994326,0.002267296714202593,0.0109061406639432,0.000982503960395988,-0.009757247041758904,0.12299494936064356,0.0009563940782668101,-0.01156854861918782,0.11208880869670036,0.0009803891931886544,-0.012024543755961497,2.114767207333579e-06,0.002267296714202593,0.0109061406639432,0.002589028745717677,0.0140926250313963,0.00820372446257329,-0.10796374473393232,0.9995463215138415,0.9978928840495747,33,4600.0,4601.35,0.07945205479452055,29.0,13.347897187218377,0.21746361453585372,13.252923304451494,13.397647996775126,13.513564172695,13.179444613452446,13.28067527332327,13.40097984276268,13.355379923939136
2023-08-02,2.1877729498323415,1.2198307137994409,0.5857269559849883,0.134627424144119,0.06612995778687747,0.09444822373144568,0.0004164467171232644,0.20075738193099646,0.09486467044856894,0.08659322766834698,2.1011797221639945,0.08659322766834698,96.04194632377263,-0.0032505698858618054,-0.150214554747969,-0.30670012619155523,0.40920626429307044,-3.008300017014761,0.1272408418525806,-0.01306706411036414,0.12028604771247722,0.11120250951406342,-0.009757247041758904,0.12299494936064356,0.01603833233851719,-0.00011090423731471497,-0.0019229650830788342,0.0012863471869184917,-0.01306706411036414,0.12028604771247722,0.000982503960395988,-0.009757247041758904,0.12299494936064356,0.0011320971755243608,-0.012956159873049424,0.00015425001139413095,-0.00011090423731471497,-0.0019229650830788342,-0.00017714180026534576,-0.0023221965656344545,-0.002176343004162905,0.02818842830147336,0.9993156668026485,0.9995463215138415,202,4590.0,4592.0,0.07945205479452055,29.0,15.535670137050719,2.2646953257561293,13.347897187218377,14.567727901017818,15.153454857002806,15.288082281146925,15.354212238933803,15.448660462665249,15.449076909382372
2023-08-03,0.4655232441209627,0.2830088850640706,1.1651491487036196,-0.7791219255108288,-0.40964563860797654,0.21583644076750375,0.13337104475214545,-1.1887675641188054,0.3492074855196492,-0.1430747110475714,0.6085979551685341,-0.1430747110475714,69.26582875195926,0.007905260284544347,0.04727860408919391,0.07628707519828812,-0.4746669041878867,5.427506070895877,0.1326475671815359,-0.015692442022664642,0.11825316499591498,0.1272408418525806,-0.01306706411036414,0.12028604771247722,0.005406725328955281,-0.0017514384866850578,-0.0016439929389871627,0.0013979888638252667,-0.015692442022664642,0.11825316499591498,0.0012863471869184917,-0.01306706411036414,0.12028604771247722,0.0013365764525262193,-0.013941003535979584,6.141241129904739e-05,-0.0017514384866850578,-0.0016439929389871627,-0.0026324569673118452,-0.01089331737833922,-0.0046729711196558665,0.060784501120632384,0.9982548767055519,0.9993156668026485,145,4530.0,4532.45,0.07945205479452055,29.0,16.00119338117168,0.3525147864569771,15.535670137050719,15.81867902211479,16.98382817081841,16.20470624530758,15.795060606699604,16.010897047467108,16.144268092219253
2023-08-04,0.5808288037323024,0.29361199126270776,-0.6866943974648656,0.9217974294173672,0.1178532441047544,-0.0858953980148982,-0.035387751978195325,1.0396506735221216,-0.12128314999309353,0.05554368640543217,0.5252851173268702,0.05554368640543217,90.43716736351256,-0.004543372273840673,-0.09795900979056876,-0.049149585068599524,0.13913990799135095,-0.8310855751348036,0.1359446436876578,-0.016693039124736422,0.12393922781742013,0.1326475671815359,-0.015692442022664642,0.11825316499591498,0.0032970765061219043,0.00029649661938058874,0.005686062821505147,0.001417716416784106,-0.016693039124736422,0.12393922781742013,0.0013979888638252667,-0.015692442022664642,0.11825316499591498,0.0014876092730705173,-0.01698953574411701,-6.989285628641135e-05,0.00029649661938058874,0.005686062821505147,0.000819882631688456,0.011451214414437624,0.0006812754192634003,0.0005878434504273389,0.9989436589662917,0.9982548767055519,147,4515.0,4516.05,0.07945205479452055,29.0,16.582022184903984,0.6179546535545022,16.00119338117168,16.29480537243439,15.608110974969524,16.52990840438689,16.647761648491645,16.561866250476747,16.52647849849855
2023-08-07,-1.2669314376234269,-0.7019345043114136,0.14771102234072941,-0.47753730236270187,-0.27387061613394614,0.049990585613787886,0.07415696262144955,-0.751407918496648,0.12414754823523744,-0.08544758539133213,-1.1814838522320947,-0.08544758539133213,93.2555477862623,-0.0014945324665097655,0.05958635679273359,0.01396454342378676,-0.33362635677403446,2.5483279823347016,0.12414486074010012,-0.015176518719224878,0.11563607033426146,0.1359446436876578,-0.016693039124736422,0.12393922781742013,-0.01179978294755768,-0.0006791625948758678,-0.008895830022264004,0.0012245108136909226,-0.015176518719224878,0.11563607033426146,0.001417716416784106,-0.016693039124736422,0.12393922781742013,0.0012792794005386308,-0.01449735612434901,-5.476858684770819e-05,-0.0006791625948758678,-0.008895830022264004,-0.0008808250759325918,-0.00966458183849181,-0.003459726390190123,0.023026085704790922,0.998334033885167,0.9989436589662917,36,4490.0,4491.35,0.07671232876712329,28.0,15.315090747280557,-1.3272701190503469,16.582022184903984,15.88008768059257,16.0277987029333,15.550261400570598,15.276390784436652,15.32638137005044,15.40053833267189
2023-08-08,0.16841034395727839,0.3814869301032946,-0.2599388126303328,-0.13525041682284744,0.23040180004348798,0.053000200532812514,-0.09312733233927695,0.09515138322064054,-0.04012713180646443,-0.008162024929859513,0.1765723688871379,-0.008162024929859513,95.15348954341545,0.00029993754856366933,0.059313117687547066,0.08895156565528656,0.29554755905666785,-3.5419750464633006,0.12670035136999874,-0.015194195888679818,0.11128669045092762,0.12414486074010012,-0.015176518719224878,0.11563607033426146,0.002555490629898627,0.0008644808257453861,-0.0043493798833337954,0.001275442170085351,-0.015194195888679818,0.11128669045092762,0.0012245108136909226,-0.015176518719224878,0.11563607033426146,0.001284082142307914,-0.016058676714425204,-8.639972222562829e-06,0.0008644808257453861,-0.0043493798833337954,0.0018808824810859805,0.004687641203787188,0.007306408495385927,-0.09062911278970243,0.9995215430392927,0.998334033885167,36,4530.0,4531.0,0.07945205479452055,29.0,15.483501091237835,0.25070567843624225,15.315090747280557,15.696577677383852,15.436638864753519,15.301388447930671,15.53179024797416,15.584790448506972,15.491663116167695
2023-08-09,0.3878747893020229,0.6431888505302386,0.10150257945098318,-0.39400708645877636,-0.07469086691397031,0.0793466322904397,0.032649318089038815,-0.46869795337274667,0.11199595037947851,-0.00011463768593067414,0.3879894269879536,-0.00011463768593067414,99.97044466691507,0.001532763396042079,0.047476019297602,0.011617710891858597,-0.10338594260448905,1.183067346040425,0.13375418727247165,-0.015906695479459908,0.10478777838570998,0.12670035136999874,-0.015194195888679818,0.11128669045092762,0.00705383590247291,0.0008685598047325042,-0.0064989120652177435,0.0014214117692456529,-0.015906695479459908,0.10478777838570998,0.001275442170085351,-0.015194195888679818,0.11128669045092762,0.0013889903422464583,-0.016775255284192412,3.242142699919461e-05,0.0008685598047325042,-0.0064989120652177435,-0.0016860179385518766,-0.03025184150708149,-0.008128936265210433,0.11670807613769424,0.9929751990031376,0.9995215430392927,36,4510.0,4513.75,0.07945205479452055,29.0,15.871375880539858,0.24548625513016553,15.483501091237835,16.126689941768074,16.228192521219057,15.83418543476028,15.75949456784631,15.83884120013675,15.871490518225789
2023-08-10,-0.38216192883842837,0.005131611419734838,-0.18845519571656588,-0.057089632419444314,-0.06905763061554282,-0.07034707566503151,0.02497079325064,-0.12614726303498713,-0.04537628241439151,-0.027314799092218678,-0.3548471297462097,-0.027314799092218678,92.85255881577704,-0.0004133073143271058,0.0010695419706945148,-0.025811752887540725,-0.1036728197401604,1.1749161433146893,0.13245161757145502,-0.016965298916372728,0.0971495642169867,0.13375418727247165,-0.015906695479459908,0.10478777838570998,-0.001302569701016637,-0.0010632795317571074,-0.007638214168723248,0.0013938616408809704,-0.016965298916372728,0.0971495642169867,0.0014214117692456529,-0.015906695479459908,0.10478777838570998,0.0014210569078060107,-0.01590201938461562,-2.719526692504027e-05,-0.0010632795317571074,-0.007638214168723248,0.00053282701835939,0.006172631755184191,0.000249605952723532,0.009601538326578035,0.9961454996046295,0.9929751990031376,139,4480.0,4481.8,0.07945205479452055,29.0,15.48921395170143,-0.41938421573514795,15.871375880539858,15.876507491959593,15.688052296243027,15.630962663823583,15.56190503320804,15.491557957543009,15.516528750793649
2023-08-11,-1.027163379943552,-0.13842445716819185,-1.0212869790663532,0.11648463446869783,0.19535137349108211,-0.12253466281564407,-0.06899957629198283,0.31183600795977995,-0.1915342391076269,0.012246287438840042,-1.039409667382392,0.012246287438840042,98.80775661613706,-0.007865863240830233,2.810107040469913e-05,-0.0679284643974554,0.16461616092475442,-1.12683711817025,0.1264989907939331,-0.014768085747556151,0.09536215056665098,0.13245161757145502,-0.016965298916372728,0.0971495642169867,-0.005952626777521924,0.00239890440701364,-0.001787413650335759,0.0012275502761992874,-0.014768085747556151,0.09536215056665098,0.0013938616408809704,-0.016965298916372728,0.0971495642169867,0.0014115770668345052,-0.01716699015456979,-0.00018402679063521778,0.00239890440701364,-0.001787413650335759,0.00267788332007202,0.0009941351225717238,0.004437964079235322,-0.039623130575137055,0.9973695761479461,0.9961454996046295,139,4480.0,4481.9,0.07945205479452055,29.0,14.462050571757878,-0.9904758238445233,15.48921395170143,15.350789494533238,14.329502515466885,14.445987149935583,14.641338523426665,14.51880386061102,14.449804284319038
2023-08-14,0.02899517956953801,-0.5882474308119328,-0.25312766820325194,0.9332109545489828,0.23886724525104341,-0.3468481573305926,-0.1149484271298693,1.1720781998000263,-0.4617965844604619,0.16008866324515836,-0.13109348367562035,0.16008866324515836,,-0.001317165338139219,0.007954156834874701,0.019597764296424517,0.0922733628472956,-1.972062656212195,0.12096141189381615,-0.013981743659577401,0.09561037003939779,0.1264989907939331,-0.014768085747556151,0.09536215056665098,-0.005537578900116941,-0.0003434451359635871,-8.569426907384381e-05,0.0011625157037068986,-0.013981743659577401,0.09561037003939779,0.0012275502761992874,-0.014768085747556151,0.09536215056665098,0.0011435286785149424,-0.013638298523613814,1.89870251919562e-05,-0.0003434451359635871,-8.569426907384381e-05,0.0003844299321297401,0.007455003678976127,0.00023231061702378916,-0.015101099888565422,0.9990386073265772,0.9973695761479461,33,4475.0,4477.25,0.07671232876712329,28.0,14.491045751327416,0.0922784643466219,14.462050571757878,13.873803140945945,13.620675472742693,14.553886427291676,14.79275367254272,14.445905515212127,14.330957088082258
2023-08-15,1.3736532329650757,0.9773944082313832,0.07788381660154897,0.10391428461727337,0.39998200032630926,-0.0643097130383179,-0.16205465309666067,0.5038962849435826,-0.22636436613497857,0.04084308932353942,1.3328101436415363,0.04084308932353942,97.02668123632787,-0.0007414291962650914,-0.06542390181977577,-0.13826538255404455,0.4679789005906336,-4.089018343116075,0.13532563912046106,-0.01509058163851806,0.09790509837907861,0.12096141189381615,-0.013981743659577401,0.09561037003939779,0.014364227226644904,0.0010851698779128227,0.0033357791496549244,0.001455007752047881,-0.01509058163851806,0.09790509837907861,0.0011625157037068986,-0.013981743659577401,0.09561037003939779,0.001334923813652895,-0.016175751516430883,0.00012008393839498584,0.0010851698779128227,0.0033357791496549244,0.001310510915280276,0.005327509953293411,0.0024598525431030437,-0.021243298644600395,0.9994824159440755,0.9990386073265772,33,4500.0,4503.6,0.07945205479452055,29.0,15.864698984292492,1.4727997927788508,14.491045751327416,15.4684401595588,15.546323976160348,15.650238260777622,16.05022026110393,15.985910548065613,15.823855894968952
2023-08-16,0.4581647363447594,0.7103131668411713,-0.11606749434077201,-0.2905547267316173,0.020930146428355556,0.1362485289214561,0.0012839643743696172,-0.26962458030326175,0.13753249329582573,-0.003988849148203855,0.46215358549296326,-0.003988849148203855,99.12938538656927,0.0023840464501293426,0.052014970616182044,0.026851883518589567,-0.08802180078207827,1.9033708094802568,0.14145616901400018,-0.015879783573873655,0.09802716945215766,0.13532563912046106,-0.01509058163851806,0.09790509837907861,0.006130529893539127,0.0006851032388121674,0.00012207107307919685,0.0015898235200312442,-0.015879783573873655,0.09802716945215766,0.001455007752047881,-0.01509058163851806,0.09790509837907861,0.0015741788210242975,-0.016564886812685822,1.5644699006946714e-05,0.0006851032388121674,0.00012207107307919685,-0.0004642082072322008,-0.010487532847887865,-0.0010907083096418115,0.036166971697804584,0.9980051033588071,0.9994824159440755,35,4450.0,4452.75,0.07945205479452055,29.0,16.32286372063725,0.4303893508600538,15.864698984292492,16.575012151133663,16.45894465679289,16.168389930061274,16.18932007648963,16.325568605411085,16.326852569785455
2023-08-17,0.7792419190172915,0.8778600666827074,-0.24138429303561182,0.03959971009899732,0.24380903750557437,-0.05079698908136265,-0.09823648882888492,0.2834087476045717,-0.14903347791024757,0.008390875675871712,0.7708510433414197,0.008390875675871712,98.92320016786911,-0.0029222777637101733,-0.03113307752693094,-0.06145137675786436,0.2621696704195006,-2.096869731329698,0.1474039438323435,-0.015930758508845885,0.10539151285966164,0.14145616901400018,-0.015879783573873655,0.09802716945215766,0.0059477748183433266,0.0014892799574596528,0.009133437179178569,0.001726328101541183,-0.015930758508845885,0.10539151285966164,0.0015898235200312442,-0.015879783573873655,0.09802716945215766,0.0017229331269885116,-0.017420038466305538,3.3949745526715147e-06,0.0014892799574596528,0.009133437179178569,0.0028770109792515194,0.02124636547162008,0.0018967364268561403,-0.009321443644499522,0.9982138813419118,0.9980051033588071,203,4410.0,4419.35,0.07945205479452055,29.0,17.102105639654543,0.8878854107141336,16.32286372063725,17.20072378731996,16.959339494284347,16.998939204383344,17.24274824188892,17.191951252807556,17.09371476397867
2023-08-18,-0.4059034703001956,0.008360815932906718,-1.0741352916993137,0.7794514127454342,-0.061907271202887415,-0.24762585237663615,0.06540365500879375,0.7175441415425468,-0.1822221973678424,0.124549061291507,-0.5304525315917026,0.124549061291507,69.31559584859086,-0.010403960849690804,-0.12561906680180812,-0.21214166996056097,-0.04010038501972398,1.615748887811511,0.14323382392141293,-0.015577164048271964,0.1021028076355274,0.1474039438323435,-0.015930758508845885,0.10539151285966164,-0.004170119910930581,0.0006241277640520182,-0.0030517414117683384,0.0015738246378745456,-0.015577164048271964,0.1021028076355274,0.001726328101541183,-0.015930758508845885,0.10539151285966164,0.0017478747017554443,-0.016201291812323982,-0.00017405006388089865,0.0006241277640520182,-0.0030517414117683384,-0.0002224659439552662,-0.01074811355160242,-0.002604215633010245,0.043256746024064846,0.9977920065155669,0.9982138813419118,204,4380.0,4384.95,0.07945205479452055,29.0,16.696202169354347,-0.5802061341079501,17.102105639654543,17.11046645558745,16.036331163888136,16.81578257663357,16.753875305430682,16.506249453054046,16.57165310806284
2023-08-21,-0.03973930138870685,-0.7157794969868085,0.7345532058882789,0.041720550713126414,-0.06702850230971791,-0.016674777999131862,-0.004267761942511328,-0.025307951596591494,-0.02094253994164319,-0.012262518751942508,-0.02747678263676434,-0.012262518751942508,,0.0018069659140004515,0.015679648735837333,-0.08947323280294901,0.030530129506676038,-1.674803503661367,0.1391832890599843,-0.015286043414323007,0.09819458308553376,0.14323382392141293,-0.015577164048271964,0.1021028076355274,-0.004050534861428617,-0.0012643045579025392,-0.00402213339326965,0.001539144248364656,-0.015286043414323007,0.09819458308553376,0.0015738246378745456,-0.015577164048271964,0.1021028076355274,0.0014608190348528787,-0.014021738856420468,7.832521351177723e-05,-0.0012643045579025392,-0.00402213339326965,-0.00031165402967737316,0.004881814957325023,0.0005654103059838204,-0.03340349448630567,0.999249105309803,0.9977920065155669,33,4375.0,4379.3,0.07671232876712329,28.0,16.65646286796564,0.024732793067364867,16.696202169354347,15.980422672367538,16.714975878255817,16.756696428968944,16.689667926659226,16.672993148660094,16.668725386717583
2023-08-22,0.10463059403268105,0.2350948386491325,-0.1837575257914601,0.14472900103825026,-0.03366004456353977,-0.11379398779646266,0.031167883285423414,0.11106895647471049,-0.08262610451103924,0.0248504292113374,0.07978016482134365,0.0248504292113374,76.24936621923848,0.0012231124972604806,-0.002966819997868805,-0.021516527974043454,-0.060045677564935764,0.8900172728724186,0.14412079119381038,-0.01605799388574822,0.09221672588998527,0.1391832890599843,-0.015286043414323007,0.09819458308553376,0.004937502133826072,-0.00020145945398664794,-0.005977857195548497,0.0016502829347275806,-0.01605799388574822,0.09221672588998527,0.001539144248364656,-0.015286043414323007,0.09819458308553376,0.0015843772957558678,-0.015856534431761573,6.590563897171278e-05,-0.00020145945398664794,-0.005977857195548497,-0.0005567019658931568,-0.009170015041287644,-0.004008985780196296,0.04751769514240603,0.9974225426768007,0.999249105309803,33,4410.0,4412.75,0.07945205479452055,29.0,16.76109346199832,0.024444882059292183,16.65646286796564,16.891557706614773,16.707800180823313,16.852529181861563,16.818869137298023,16.70507514950156,16.736243032786984
2023-08-23,-1.0083216307271403,-1.1528390984619623,0.6317580983072499,-0.3132453135790243,-0.3572165683994353,0.13684077513932635,0.11026346726397662,-0.6704618819784596,0.24710424240330298,-0.06388299099727135,-0.944438639729869,-0.06388299099727135,93.66442323059132,0.003455369216637182,-0.0040043724273724395,-0.031661857148808994,-0.35362700843177935,3.2515807125215774,0.13786195018777442,-0.01591235767843806,0.08423933354312231,0.14412079119381038,-0.01605799388574822,0.09221672588998527,-0.0062588410060359645,-0.0019387614127729658,-0.008242071458765765,0.0015100591835005906,-0.01591235767843806,0.08423933354312231,0.0016502829347275806,-0.01605799388574822,0.09221672588998527,0.0014806623496203392,-0.013973596265665095,2.9396833880251418e-05,-0.0019387614127729658,-0.008242071458765765,-0.00280315073203604,-0.01590920881311278,-0.006448876311397973,0.06915166011647308,0.994036798379654,0.9974225426768007,34,4390.0,4399.95,0.07945205479452055,29.0,15.75277183127118,-1.0701405783362787,16.76109346199832,15.608254363536359,16.24001246184361,15.926767148264585,15.56955057986515,15.706391355004476,15.816654822268452
2023-08-24,0.8543870157092872,1.2755681688596265,-0.4809887729847553,-0.19984190832440163,0.26710517113405174,0.07096062788886215,-0.08910563675715011,0.06726326280965012,-0.01814500886828796,0.010689365893053804,0.8436976498162334,0.010689365893053804,98.74888479149232,-0.0026362582044210624,0.023767246393248093,0.0891635898200422,0.3002410420938813,-2.260312904787953,0.1456027534856164,-0.016629223267785737,0.09013216228924485,0.13786195018777442,-0.01591235767843806,0.08423933354312231,0.007740803297841992,0.0014679339907654292,0.005405510305561259,0.001684396418781376,-0.016629223267785737,0.09013216228924485,0.0015100591835005906,-0.01591235767843806,0.08423933354312231,0.0017298856980983398,-0.018097157258551166,-4.5489279316963775e-05,0.0014679339907654292,0.005405510305561259,0.00022392185246051036,-0.00795138665703339,0.004228975581726895,-0.019254232482390193,0.9948330239820723,0.994036798379654,149,4440.0,4449.8,0.07945205479452055,29.0,16.607158846980468,0.9244491161490274,15.75277183127118,17.028340000130807,16.547351227146052,16.34750931882165,16.614614489955702,16.685575117844564,16.596469481087414
2023-08-25,-1.599970571324782,-0.8032487888859432,-1.035436446075332,0.20752604416004417,0.107112684295954,-0.07539248866074999,-0.022956620624892565,0.31463872845599816,-0.09834910928564256,0.022425044466137578,-1.6223956157909196,0.022425044466137578,98.59840894151137,-0.009281031061469045,-0.042576100583670694,-0.10255883761829895,0.16275253672742393,-1.2443741950909775,0.13380100864876468,-0.013691182739900441,0.09129559232608928,0.1456027534856164,-0.016629223267785737,0.09013216228924485,-0.01180174483685173,0.001850275444339156,0.0007116087158858114,0.0013733585688546588,-0.013691182739900441,0.09129559232608928,0.001684396418781376,-0.016629223267785737,0.09013216228924485,0.0015868968440831636,-0.015541458184239597,-0.0002135382752285048,0.001850275444339156,0.0007116087158858114,0.0027548950191879362,0.009307903323126629,0.0042147438051803356,-0.04109296076359001,0.9966732847009933,0.9948330239820723,148,4390.0,4392.45,0.07945205479452055,29.0,15.007188275655686,-1.5495558328296966,16.607158846980468,15.803910058094525,14.768473612019193,14.975999656179237,15.083112340475191,15.007719851814441,14.984763231189548
2023-08-28,-0.19391342781747412,-0.4850200843183856,0.598610068727174,-0.04936710627164409,-0.2973349879882612,-0.016404557353016713,0.10061954350257807,-0.3467020942599053,0.08421498614956135,-0.045016304115918615,-0.1488971237015555,-0.045016304115918615,76.78536003278157,0.0012739606901511081,0.02991287684388266,-0.046440389214433934,-0.3010903016816955,2.6777578999625073,0.13127682289970655,-0.012415529012827144,0.09227686116263922,0.13380100864876468,-0.013691182739900441,0.09129559232608928,-0.002524185749058133,0.0001224567206957322,0.0008243138579505371,0.0013692452676399636,-0.012415529012827144,0.09227686116263922,0.0013733585688546588,-0.013691182739900441,0.09129559232608928,0.0012904553552183827,-0.012537985733522876,7.87899124215809e-05,0.0001224567206957322,0.0008243138579505371,-6.77395939936102e-05,-0.0009198287302585179,-0.0037520618824278436,0.01340701138560682,0.9919958970850893,0.9966732847009933,33,4415.0,4418.85,0.07671232876712329,28.0,14.813274847838212,-0.2856781405132196,15.007188275655686,14.5221681913373,15.120778260064474,15.07141115379283,14.77407616580457,14.757671608451552,14.85829115195413
2023-08-29,-0.7676501180975848,-1.3994924167661562,0.12921270915196992,0.7638038683165629,-0.16104988998994862,-0.24289849669181152,0.0592314025670202,0.6027539783266143,-0.18366709412479132,0.08354270531477859,-0.8511928234123634,0.08354270531477859,89.11708559078753,-0.0010987455333665598,-0.2041493305106247,-0.5625361023764606,-0.0910041162966505,0.7571743046089467,0.12406993900917501,-0.010843938105680394,0.10917272060388733,0.13127682289970655,-0.012415529012827144,0.09227686116263922,-0.007206883890531535,-0.0011158223924102855,0.01565565698584062,0.001223033269058827,-0.010843938105680394,0.10917272060388733,0.0013692452676399636,-0.012415529012827144,0.09227686116263922,0.0012060200014503942,-0.009728115713270109,1.7013267608432777e-05,-0.0011158223924102855,0.01565565698584062,-0.0010482485316222478,0.01636687930712903,0.0011830897982064853,-0.045322259518001146,0.9952623754029931,0.9919958970850893,34,4425.0,4446.75,0.07945205479452055,29.0,14.045624729740627,-0.6593514184918305,14.813274847838212,13.413782431072056,13.542995140224026,14.306799008540589,14.14574911855064,13.902850621858828,13.962082024425849
2023-08-30,-0.4259174326347228,-0.3566020170743869,-0.596644437021645,0.5547860937715079,0.06128038752438236,-0.16015464921872358,-0.008992277478260036,0.6160664812958903,-0.1691469266969836,0.08040946686240247,-0.5063268994971253,0.08040946686240247,81.12087914199944,-0.0032043511110606613,-0.059436694854820116,-0.10686650762906597,0.015403887681116918,-0.13387806164479846,0.11740810240850597,-0.010211734655370093,0.11841910335144212,0.12406993900917501,-0.010843938105680394,0.10917272060388733,-0.006661836600669047,-0.0003111051629388767,0.006909463858055173,0.0010952197611611523,-0.010211734655370093,0.11841910335144212,0.001223033269058827,-0.010843938105680394,0.10917272060388733,0.0011702517913526778,-0.009900629492431217,-7.503203019152554e-05,-0.0003111051629388767,0.006909463858055173,-0.00041602274998329795,0.00624799494144318,0.0007552047306238346,-0.006207090136823801,0.9956577842429838,0.9952623754029931,33,4500.0,4511.55,0.07945205479452055,29.0,13.619707297105904,-0.5279183491124968,14.045624729740627,13.68902271266624,13.092378275644595,13.647164369416103,13.708444756940485,13.548290107721762,13.539297830243502
2023-08-31,-0.41913220322688893,0.08407224113351397,-0.3868477950730558,-0.25471359894005907,0.014872338269192653,0.12399870057796214,-0.0057536685297616685,-0.23984126067086642,0.11824503204820047,0.0052395793353188225,-0.42437178256220776,0.0052395793353188225,98.7498981717512,-0.004143281315425274,-0.018720528255094702,-0.013597331663060958,0.0686342035311353,-0.31428496911547,0.11385036820336526,-0.009979441232350254,0.11871912653628965,0.11740810240850597,-0.010211734655370093,0.11841910335144212,-0.003557734205140703,0.0005411573992485583,0.002143467838483862,0.001029850092770448,-0.009979441232350254,0.11871912653628965,0.0010952197611611523,-0.010211734655370093,0.11841910335144212,0.0011146766091272502,-0.010520598631598812,-8.482651635680224e-05,0.0005411573992485583,0.002143467838483862,-0.0004947092292402356,-0.006483925486247516,0.002340935097127659,-0.01675607097276577,0.9970093164264916,0.9956577842429838,213,4500.0,4531.65,0.07945205479452055,29.0,13.200575093879015,-0.4244862672805425,13.619707297105904,13.703779538239418,13.316931743166363,13.062218144226303,13.077090482495496,13.201089183073458,13.195335514543697
2023-09-01,-0.7395639783754682,-0.32541359226749833,-0.417562800985845,0.025707444655155953,0.06086868787042299,-0.012139473139095358,-0.031099971601991072,0.08657613252557894,-0.04323944474108643,-0.039924272906617375,-0.6996397054688508,-0.039924272906617375,94.60164717671684,-0.0034955346471039813,-0.009011076017063772,-0.05022153563662867,0.04368736859589869,-0.5510572311609531,0.10905241521092758,-0.0094247515606873,0.11574130399474888,0.11385036820336526,-0.009979441232350254,0.11871912653628965,-0.004797952992437682,0.0003394317722064822,-0.0032097664961189543,0.0009122959434888313,-0.0094247515606873,0.11574130399474888,0.001029850092770448,-0.009979441232350254,0.11871912653628965,0.0010200862220775707,-0.009764183332893783,-0.0001077902785887394,0.0003394317722064822,-0.0032097664961189543,0.001037164709597048,0.0029678079344393066,0.001623991373224689,-0.017082920311259242,0.998279871174916,0.9970093164264916,207,4525.0,4525.25,0.07945205479452055,29.0,12.461011115503547,-0.6518429190718269,13.200575093879015,12.875161501611517,12.457598700625672,12.483306145280828,12.544174833151251,12.532035360012156,12.500935388410165
2023-09-05,0.9901112710303739,0.20513702769813058,0.8632347799913251,0.02917534865286342,-0.03613632829005198,-0.07935805453905154,0.009786950779194115,-0.006960979637188558,-0.06957110375985742,-0.0017284532620358561,0.9918397242924097,-0.0017284532620358561,99.82542838238402,0.00506703906608619,0.06419369248786078,0.041265861376391155,-0.052897972448676965,0.14769349347867156,0.11407130094255159,-0.010795666127512642,0.11297317288379909,0.10905241521092758,-0.0094247515606873,0.11574130399474888,0.005018885731624012,-0.0004980263313321964,-0.001953807174516861,0.001033850929487833,-0.010795666127512642,0.11297317288379909,0.0009122959434888313,-0.0094247515606873,0.11574130399474888,0.0009521418348268891,-0.010297639796180445,8.170909466094392e-05,-0.0004980263313321964,-0.001953807174516861,-0.000548790047816267,-0.0022414442989175665,-0.0003513646282062629,0.004911858107628592,0.9979807070777923,0.998279871174916,33,4525.0,4529.35,0.07671232876712329,28.0,13.451122386533921,0.9875479265953491,12.461011115503547,12.666148143201678,13.529382923193003,13.558558271845866,13.522421943555814,13.443063889016763,13.452850839795957
2023-09-06,0.5122591463861319,0.535607041924143,0.20343835865660154,-0.28320644317292043,-0.10677612486387744,0.10968637408877235,0.04710597113720638,-0.38998256803679787,0.15679234522597874,0.006403968616206512,0.5058551777699254,0.006403968616206512,98.74985763331216,0.0013127147405852795,0.05009010624090336,0.12070950778672572,-0.11792905919025129,1.4811364773558469,0.11838943366877556,-0.013120882889542341,0.096616637330881,0.11407130094255159,-0.010795666127512642,0.11297317288379909,0.004318132726223972,-0.0008986530555730281,-0.01635653555291816,0.0011136046085698326,-0.013120882889542341,0.096616637330881,0.001033850929487833,-0.010795666127512642,0.11297317288379909,0.001106515293379384,-0.012222229833969313,7.089315190448664e-06,-0.0008986530555730281,-0.01635653555291816,5.511388712619615e-05,-0.008110175996322189,-0.001235002595534069,0.016167115301854884,0.9979660666116541,0.9979807070777923,44,4510.0,4512.35,0.07945205479452055,29.0,13.963381532920053,0.5080515652859106,13.451122386533921,13.986729428458064,14.190167787114666,13.906961343941745,13.800185219077868,13.90987159316664,13.956977564303847
2023-09-07,-0.024527439855319244,0.21211801295149435,0.0032474841174074953,-0.30356199852922217,-0.02852726183332166,0.07636601344695393,0.012406044860663101,-0.3320892603625438,0.08877205830761703,0.003424265130705706,-0.02795170498602495,0.003424265130705706,,0.0017999459533757766,0.04533247133329521,0.1196868935856383,-0.05974931670491982,0.6703161132307779,0.123266771248527,-0.0136032483738793,0.08904021730088119,0.11838943366877556,-0.013120882889542341,0.096616637330881,0.004877337579751437,0.0002122088084050497,-0.005263728793053993,0.0012072498902111338,-0.0136032483738793,0.08904021730088119,0.0011136046085698326,-0.013120882889542341,0.096616637330881,0.0011598562033608014,-0.01381545718228435,4.739368685033243e-05,0.0002122088084050497,-0.005263728793053993,8.607411741157027e-05,-0.007724054428986382,-0.002664760915012287,0.03545669302435603,0.9974977628925349,0.9979660666116541,144,4480.0,4483.95,0.07945205479452055,29.0,13.938854093064734,-0.057431388018605034,13.963381532920053,14.175499545871547,14.178747029988955,13.875185031459733,13.846657769626411,13.923023783073365,13.935429827934028
2023-09-08,-0.5608131894574004,-0.2534603217153286,-0.6653953018758791,0.3540496147435377,0.003085865135126653,-0.027393999932979085,0.016770808617186717,0.35713547987866434,-0.010623191315792369,0.011530145570935346,-0.5723433350283358,0.011530145570935346,97.94403095581774,-0.0057231669932514715,-0.06486524612440463,-0.027763098243314677,0.0010139195808854021,0.6719432203263209,0.11773043464331394,-0.012595641532959721,0.09733905913354052,0.123266771248527,-0.0136032483738793,0.08904021730088119,-0.005536336605213063,0.0008622326110150815,0.008298841832659276,0.0010632677993328802,-0.012595641532959721,0.09733905913354052,0.0012072498902111338,-0.0136032483738793,0.08904021730088119,0.0011962043481919323,-0.013457874143974802,-0.00013293654885905212,0.0008622326110150815,0.008298841832659276,0.0009389363013841984,0.008952362121269278,0.0005369030304754815,0.009379391638157264,0.9972756942772512,0.9974977628925349,145,4465.0,4469.35,0.07945205479452055,29.0,13.378040903607333,-0.6166616105029199,13.938854093064734,13.685393771349405,13.019998469473526,13.374048084217064,13.37713394935219,13.349739949419211,13.366510758036398
2023-09-11,-0.052798781543176077,-0.5911364671079511,0.05377370709994089,0.6464149710760037,0.14010217204195996,-0.28433135431384216,-0.07192981158948264,0.7865171431179636,-0.3562611659033248,0.054308001250195304,-0.10710678279337138,0.054308001250195304,-2.8584366209001733,-0.0006740753013904752,-0.02518939980294777,-0.14723142438869455,0.07959022090698338,-0.9490607200492609,0.11332615648950949,-0.01101657898888554,0.10725557711274968,0.11773043464331394,-0.012595641532959721,0.09733905913354052,-0.004404278153804453,0.0003177381474892011,0.009474122261403498,0.001020388259166737,-0.01101657898888554,0.10725557711274968,0.0010632677993328802,-0.012595641532959721,0.09733905913354052,0.0009858061199068,-0.011334317136374741,3.458213925993693e-05,0.0003177381474892011,0.009474122261403498,0.0006679349466463935,0.012003235509079946,0.0018235820339385159,-0.043709293725293114,0.9977590016724355,0.9972756942772512,47,4470.0,4473.0,0.07671232876712329,28.0,13.325242122064157,0.0007272309280139666,13.378040903607333,12.786904436499382,12.840678143599323,13.487093114675327,13.627195286717287,13.342863932403445,13.270934120813962
2023-09-12,0.5689428448398388,0.35896103631666243,0.3972458221801709,-0.20577735448579304,-0.06742927229195494,0.06276513145630425,0.0307405689778939,-0.273206626777748,0.09350570043419815,-0.007563087313444683,0.5765059321532835,-0.007563087313444683,98.67067713707274,0.0029222836274857005,0.05578819186303292,0.1451559977318388,-0.158066046204828,2.3333418798788235,0.11768761394323965,-0.013112859843153465,0.0965164196915912,0.11332615648950949,-0.01101657898888554,0.10725557711274968,0.004361457453730164,-0.0009208481466102501,-0.010739157421158468,0.0011004407117642123,-0.013112859843153465,0.0965164196915912,0.001020388259166737,-0.01101657898888554,0.10725557711274968,0.0010839750145706394,-0.012192011696543215,1.6465697193572852e-05,-0.0009208481466102501,-0.010739157421158468,-0.0008520648847006977,-0.009693372930654587,-0.0014602533881998593,0.03214516631351311,0.9974250079008292,0.9977590016724355,47,4500.0,4501.7,0.07945205479452055,29.0,13.894184966903996,0.5386066645842575,13.325242122064157,13.68420315838082,14.08144898056099,13.875671626075198,13.808242353783243,13.871007485239547,13.90174805421744
2023-09-13,-0.6448100218534112,-0.10559180850808048,-0.5956738877643808,0.026650594279381323,0.01269266471384789,0.023897288529097338,0.008187992444685932,0.03934325899322921,0.03208528097378327,-0.0149728655479624,-0.6298371563054488,-0.0149728655479624,97.67794155789869,-0.004619179415122909,-0.021207487991733706,-0.007652154972272743,0.09469171128553752,-0.8443478570091264,0.11289827148700397,-0.012325583333204944,0.09933989697955868,0.11768761394323965,-0.013112859843153465,0.0965164196915912,-0.004789342456235676,0.0005072283717308841,0.0028234772879674325,0.0010126974559940942,-0.012325583333204944,0.09933989697955868,0.0011004407117642123,-0.013112859843153465,0.0965164196915912,0.0010816199840707615,-0.012832811704935828,-6.892252807666737e-05,0.0005072283717308841,0.0028234772879674325,0.0006829635301635294,0.004299136038213802,0.0005666906160289552,0.0010109662641843986,0.9973427378778124,0.9974250079008292,49,4475.0,4477.1,0.07945205479452055,29.0,13.249374945050585,-0.6588481687940551,13.894184966903996,13.788593158395916,13.192919270631535,13.219569864910916,13.232262529624764,13.256159818153861,13.264347810598547
2023-09-14,-0.761562600442895,-0.7035760909205244,-0.9180867439980585,1.1886313445799104,0.09884439500192954,-0.4941171411773375,-0.0337975080990045,1.28747573958184,-0.527914649276342,0.10053914417018994,-0.862101744613085,0.10053914417018994,86.79830862075943,-0.00832849075661549,-0.21753917680936558,-0.49091194385043807,0.14803845499860754,-0.6678460869784881,0.10504686976841737,-0.010338383729374713,0.12078723109725086,0.11289827148700397,-0.012325583333204944,0.09933989697955868,-0.0078514017185866,0.0002906458854951676,0.021447334117692146,0.0008767410975236777,-0.010338383729374713,0.12078723109725086,0.0010126974559940942,-0.012325583333204944,0.09933989697955868,0.000914691178722607,-0.01062902961486988,-3.795008119892923e-05,0.0002906458854951676,0.021447334117692146,0.00015571301912357081,0.020158126856731975,0.0017471039573100124,-0.048661756581379084,0.9989870504318225,0.9973427378778124,138,4480.0,4483.6,0.07945205479452055,29.0,12.48781234460769,-0.7417558320441415,13.249374945050585,12.54579885413006,11.627712110132002,12.816343454711912,12.915187849713842,12.421070708536504,12.3872732004375
2023-09-15,0.922819599654785,1.044256326641964,-0.24602327577681216,-0.058666101057896824,0.14426511912845896,0.03331105788254085,-0.022788991896838695,0.08559901807056214,0.010522065985702156,0.02846546473336886,0.8943541349214161,0.02846546473336886,96.91538143056158,-0.0023180245036050636,-0.0014923315878969247,-0.0007019444555461171,0.17730092595199193,-0.42416307939337083,0.11422219419299766,-0.011788145542426265,0.11614638803980569,0.10504686976841737,-0.010338383729374713,0.12078723109725086,0.009175324424580286,0.0016207155822696526,-0.00388389322669537,0.001000843479713316,-0.011788145542426265,0.11614638803980569,0.0008767410975236777,-0.010338383729374713,0.12078723109725086,0.0010290660777642234,-0.013408861124695918,-2.8222598050907464e-05,0.0016207155822696526,-0.00388389322669537,0.0017491316402020556,-0.0025621440824056124,0.0010244104434848564,0.012365638323547312,0.9989552039274657,0.9989870504318225,141,4520.0,4522.05,0.07945205479452055,29.0,13.410631944262475,0.94014549029745,12.48781234460769,13.532068671249654,13.286045395472842,13.227379294414945,13.371644413543404,13.404955471425945,13.382166479529106
2023-09-18,0.27490561077828346,-0.28157112156194053,1.0358743515311044,-0.5028893271337207,-0.16887655002969026,0.19419436684547442,0.03702858878823179,-0.671765877163411,0.2312229556337062,-0.03885469766117566,0.3137603084394591,-0.03885469766117566,85.86616782714096,0.0036878603125483087,0.0708298708508732,0.03686290383104705,-0.1004895991310758,0.24402349766977066,0.11565367247575738,-0.011955884032031768,0.10814452149408019,0.11422219419299766,-0.011788145542426265,0.11614638803980569,0.0014314782827597183,-0.00042511799150620096,-0.008001866545725503,0.0010627325664568851,-0.011955884032031768,0.10814452149408019,0.001000843479713316,-0.011788145542426265,0.11614638803980569,0.0009879248475686173,-0.011530766040525567,7.480771888826779e-05,-0.00042511799150620096,-0.008001866545725503,-0.0008477816558273774,-0.011316650237470222,-0.0010244945686018834,-0.002789772586444389,0.9977978295297742,0.9989552039274657,53,4465.0,4465.05,0.07671232876712329,28.0,13.685537555040758,0.2694943019325944,13.410631944262475,13.129060822700534,14.164935174231639,13.662045847097918,13.493169297068228,13.687363663913702,13.724392252701934
2023-09-19,0.2114958171705812,0.21018709318918383,-0.20264323931544936,0.09869496332721184,0.07807550516706208,-0.0236862946983063,-0.017295513882812585,0.1767704684942739,-0.040981808581118884,0.0681633033836917,0.1433325137868895,0.0681633033836917,67.77085036688229,-0.0012970561141397374,4.221605835455814e-05,0.009836211854649954,0.039493059755156885,0.1383784145949367,0.11760633976876347,-0.012860686468256638,0.09614399367742113,0.11565367247575738,-0.011955884032031768,0.10814452149408019,0.0019526672930060968,-0.00039614327320616066,-0.012000527816659085,0.001098921324548957,-0.012860686468256638,0.09614399367742113,0.0010627325664568851,-0.011955884032031768,0.10814452149408019,0.0010914480157054331,-0.012464543195050477,7.473308843523917e-06,-0.00039614327320616066,-0.012000527816659085,0.0001363750152810865,-0.0070338541738316634,-0.0008225951741817686,0.018829772572322184,0.9976760103204453,0.9977978295297742,52,4470.0,4470.0,0.07945205479452055,29.0,13.89703337221134,0.1702016833567015,13.685537555040758,13.895724648229942,13.693081408914493,13.791776372241705,13.869851877408767,13.84616558271046,13.828870068827648
2023-09-20,0.6465803917890973,0.8574729006285331,-0.2763027642504099,-0.2740378702375921,0.4135194882853668,0.113494925083792,-0.18855894915238736,0.1394816180477747,-0.07506402406859536,0.0009926614317947724,0.6455877303573025,0.0009926614317947724,99.84647517239921,-0.0010506703959359727,0.04395878294995491,0.13532907236796704,0.46365199389066286,-4.962883676180037,0.1262930809401068,-0.012537655747018523,0.09696252805779741,0.11760633976876347,-0.012860686468256638,0.09614399367742113,0.008686741171343326,0.002094723835788301,0.0008185343803763512,0.0012672556890602372,-0.012537655747018523,0.09696252805779741,0.001098921324548957,-0.012860686468256638,0.09614399367742113,0.0012255784196972175,-0.014632379582806825,4.167726936301968e-05,0.002094723835788301,0.0008185343803763512,0.0033622284487898457,0.013131295706131668,0.005638484018062426,-0.07112410325397886,0.9991518022398347,0.9976760103204453,53,4450.0,4459.5,0.07945205479452055,29.0,14.543613764000437,0.7653710112047705,13.89703337221134,14.754506272839873,14.478203508589463,14.20416563835187,14.617685126637237,14.73118005172103,14.542621102568642
2023-09-21,2.0838261194032555,1.6524277966929262,0.6061655018794134,-0.3744468524942519,0.13924870017750024,0.09637632093552284,-0.06504705092294927,-0.23519815231675167,0.03132927001257357,0.02910170313509397,2.0547244162681615,0.02910170313509397,98.6034485860352,0.004386863535683798,0.013996768638449078,0.013173672768182328,0.1991671722072292,-2.3247905919872975,0.14361064835698117,-0.014962168710040318,0.10208090175878302,0.1262930809401068,-0.012537655747018523,0.09696252805779741,0.017317567416874374,0.000877377618990401,0.0017896890350420636,0.001638620633764007,-0.014962168710040318,0.10208090175878302,0.0012672556890602372,-0.012537655747018523,0.09696252805779741,0.001503150570318419,-0.01583954632903072,0.00013547006344558792,0.000877377618990401,0.0017896890350420636,-0.00032297265758805815,-0.008807960352037209,-0.0026967760567910073,0.05638899267142243,0.9991367737831113,0.9991518022398347,200,4410.0,4418.6,0.07945205479452055,29.0,16.627439883403692,2.1209818091563086,14.543613764000437,16.196041560693363,16.802207062572776,16.427760210078524,16.567008910256025,16.663385231191548,16.5983381802686
2023-09-22,-0.08759591379602938,-0.005746939629254655,-0.16898753639028996,0.21296842269939376,-0.20289998396196296,-0.013631179721002695,0.08442530357861244,0.010068438737430796,0.07079412385760975,0.006275999628474693,-0.09387191342450407,0.006275999628474693,92.83528265589122,-0.0023934647469142484,-0.04022112744657493,-0.028304843275816546,-0.1705863783952389,1.9231780189399958,0.14277746346429326,-0.015749594600505595,0.09629386008302564,0.14361064835698117,-0.014962168710040318,0.10208090175878302,-0.0008331848926879104,-0.00036873362627401485,-0.005787041675757387,0.0015638118193214599,-0.015749594600505595,0.09629386008302564,0.001638620633764007,-0.014962168710040318,0.10208090175878302,0.0016697341711202646,-0.01538086097423158,-0.00010592235179880476,-0.00036873362627401485,-0.005787041675757387,-0.00037820746106218515,-0.005827035408095316,-0.0018325471379978912,0.020931720661476416,0.998769595565783,0.9991367737831113,192,4340.0,4344.25,0.07945205479452055,29.0,16.539843969607663,-0.18873300810466276,16.627439883403692,16.621692943774438,16.452705407384148,16.66567383008354,16.46277384612158,16.449142666400576,16.533567969979188
2023-09-25,-0.20864415052056628,-0.5405668767340757,0.6288752303530991,-0.253189315289994,-0.14442725175793925,0.05917523753384302,0.04701114542913842,-0.39761656704793324,0.10618638296298144,-0.00552232005463793,-0.20312183046592835,-0.00552232005463793,97.35323514181454,0.00471419782339448,0.10545005323300038,0.1200527581022735,-0.2391911260615932,2.440475148520951,0.14202846063639943,-0.016585651501292428,0.07693263923971015,0.14277746346429326,-0.015749594600505595,0.09629386008302564,-0.0007490028278938354,-0.0016145221908443787,-0.01912726372509839,0.001602713493949624,-0.016585651501292428,0.07693263923971015,0.0015638118193214599,-0.015749594600505595,0.09629386008302564,0.0015021406820946474,-0.014971129310448049,0.00010057281185497664,-0.0016145221908443787,-0.01912726372509839,-0.002173530199940151,-0.02444071545804094,-0.003219537941531077,0.03398520854762746,0.995398383035809,0.998769595565783,62,4335.0,4335.35,0.07671232876712329,28.0,16.331199819087097,-0.22822428061596156,16.539843969607663,15.999277092873587,16.628152323226686,16.374963007936692,16.230535756178753,16.289710993712596,16.336722139141735
2023-09-26,2.2688969242306634,1.3883151049563622,-0.10760609253080133,0.8512137186094044,0.6747837142058479,-0.3169668752567496,-0.34332865476619645,1.5259974328152524,-0.660295530022946,0.12248600901279616,2.146410915217867,0.12248600901279616,94.60151725251562,0.0037384124896894795,-0.006944394510373827,0.0918616439179477,0.23850764171333022,-1.2888563529226673,0.1599440051865831,-0.018108532299651203,0.08381047323934417,0.14202846063639943,-0.016585651501292428,0.07693263923971015,0.017915544550183682,0.0007320578370566821,0.00458378149090298,0.0020325492029004003,-0.018108532299651203,0.08381047323934417,0.001602713493949624,-0.016585651501292428,0.07693263923971015,0.0018553269748583798,-0.018840590136707885,0.00017722222804202048,0.0007320578370566821,0.00458378149090298,-0.00011977947428807104,-0.002473916538879059,0.0013978332204591035,-0.0019288543119856394,0.9978802934815703,0.995398383035809,57,4350.0,4353.0,0.07945205479452055,29.0,18.60009674331776,2.350631898658925,16.331199819087097,17.71951492404346,17.611908831512658,18.463122550122062,19.13790626432791,18.82093938907116,18.477610734304964
2023-09-27,-0.5646351406440999,0.050516532374349055,-0.6030335716375852,-0.13211873709928312,0.009322336807709775,0.08517581772957428,0.004242645255924771,-0.12279640029157335,0.08941846298549905,0.021259835925210524,-0.5858949765693104,0.021259835925210524,96.23476571065721,-0.004747243232099742,0.027325792160597016,0.10436461140969512,0.05854311921458496,-0.3085610134042086,0.1565955689026772,-0.01718433175170882,0.07449255480785884,0.1599440051865831,-0.018108532299651203,0.08381047323934417,-0.003348436283905909,0.000928107431834007,-0.009317918431485342,0.0019483369693113442,-0.01718433175170882,0.07449255480785884,0.0020325492029004003,-0.018108532299651203,0.08381047323934417,0.00203297131938703,-0.018112439183542828,-8.463435007568577e-05,0.000928107431834007,-0.009317918431485342,0.0007887868985979839,-0.01085566787833575,-0.00012148834682892268,0.00975676195563735,0.9954922375864494,0.9978802934815703,62,4290.0,4290.45,0.07945205479452055,29.0,18.03546160267366,-0.6170345647097726,18.60009674331776,18.65061327569211,18.047579704054524,17.91546096695524,17.92478330376295,18.009959121492525,18.01420176674845
2023-09-28,-1.1817895461192904,-0.5213240225945057,-0.19055069635545152,-0.3532720832528504,-0.11933261648389859,0.043164011956317694,0.04814020820417397,-0.472604699736749,0.09130422016049167,-0.08861434759307585,-1.0931751985262146,-0.08861434759307585,92.50168121015592,0.0012650171265080785,0.06342077263960089,0.10382560845012855,-0.18665452038670316,1.7126234378487377,0.14884039885830927,-0.01461805716313978,0.0844496057032739,0.1565955689026772,-0.01718433175170882,0.07449255480785884,-0.007755170044367932,0.0017502391991086122,0.013114683651903977,0.0017601382620184036,-0.01461805716313978,0.0844496057032739,0.0019483369693113442,-0.01718433175170882,0.07449255480785884,0.0018576831927062526,-0.016368296362248392,-9.754493068784903e-05,0.0017502391991086122,0.013114683651903977,0.0014747039396945175,0.010592168656089918,0.0017295895793604313,-0.016499469576691406,0.9952498426697164,0.9954922375864494,162,4290.0,4290.35,0.07945205479452055,29.0,16.85367205655437,-1.1999286637479933,18.03546160267366,17.514137580079154,17.323586883723703,16.970314800470852,16.850982183986954,16.89414619594327,16.942286404147445
2023-09-29,-0.08345582641443983,-0.08629300932058825,-0.20719070398897088,0.10070764742728144,0.20196506040046813,0.005327705714169184,-0.11605482931426536,0.3026727078277496,-0.11072712360009618,0.01808230266746591,-0.10153812908190574,0.01808230266746591,78.33308536462201,-0.0020252710709253857,-0.026287813582460216,-0.009982620646440019,0.15625045215144553,-1.7943932666728588,0.15067969677250395,-0.014766837498546508,0.07317335668576018,0.14884039885830927,-0.01461805716313978,0.0844496057032739,0.001839297914194682,0.00024507731234277297,-0.011276249017513812,0.0017417051740950815,-0.014766837498546508,0.07317335668576018,0.0017601382620184036,-0.01461805716313978,0.0844496057032739,0.0017946854661391027,-0.01501191481088928,-5.2980292044021125e-05,0.00024507731234277297,-0.011276249017513812,0.002130360641432197,0.0076261363689728995,0.0023402257174002968,-0.03492390362017231,0.9975268879226104,0.9952498426697164,154,4310.0,4314.8,0.07945205479452055,29.0,16.77021623013993,-0.05352696062088924,16.85367205655437,16.76737904723378,16.56018834324481,16.660895990672092,16.86286105107256,16.86818875678673,16.752133927472464
2023-10-02,0.47441033774831,-0.0022014727069716855,0.6533402513378874,-0.358495434746942,0.18890977676439036,0.1061086427036031,-0.12612062846528715,-0.16958565798255165,-0.02001198576168406,0.012869202861629958,0.46154113488668,0.012869202861629958,97.28732663737664,0.005551617769905533,0.21600741976830592,0.47588017818766265,-0.1441222633850593,0.8958653510577448,0.14947752466411715,-0.01326837403299793,0.07458826841553601,0.15067969677250395,-0.014766837498546508,0.07317335668576018,-0.0012021721083868009,0.0015868812388095763,0.001414911729775828,0.0017752394000318929,-0.01326837403299793,0.07458826841553601,0.0017417051740950815,-0.014766837498546508,0.07317335668576018,0.0017506535113065813,-0.014855255271807507,2.4585888725311587e-05,0.0015868812388095763,0.001414911729775828,0.0013197367325977795,-0.0014768269580215515,0.00011793926086340473,0.010985076484085199,0.9947987616801806,0.9975268879226104,202,4300.0,4304.75,0.07671232876712329,28.0,17.24462656788824,0.5273343809670905,16.77021623013993,16.768014757432958,17.421355008770846,17.062859574023904,17.251769350788294,17.357877993491897,17.23175736502661
2023-10-03,2.3086132301575937,1.0217703494377801,1.1841098053010128,0.206346537669166,-0.1287156728444856,-0.07153788613086931,0.07069317069263903,0.0776308648246804,-0.0008447154382302813,0.025946926032350603,2.282666304125243,0.025946926032350603,98.87608172328721,0.012725681838259499,-0.010043219923904913,-0.018198683788745413,-0.1319296758090599,1.3680835797155007,0.1723433432096806,-0.017770014433857277,0.06799864081507968,0.14947752466411715,-0.01326837403299793,0.07458826841553601,0.022865818545563438,-0.002288302549318921,-0.009714486309821357,0.0023599030424986387,-0.017770014433857277,0.06799864081507968,0.0017752394000318929,-0.01326837403299793,0.07458826841553601,0.001965311669158875,-0.015481711884538356,0.00039459137333976374,-0.002288302549318921,-0.009714486309821357,-0.004503638049876269,-0.030674857328342013,-0.004274439253422552,0.02594252383466822,0.995189703588527,0.9947987616801806,49,4300.0,4302.15,0.07945205479452055,29.0,19.553239798045833,2.243678709043536,17.24462656788824,18.26639691732602,19.450506722627033,19.6568532602962,19.528137587451713,19.456599701320844,19.527292872013483
2023-10-04,-1.6451761883202352,-0.8039407385287767,-1.0867849551647915,1.3915340122849784e-05,0.39694715566879424,-0.010737910834894393,-0.17032322418768686,0.3969610710089171,-0.18106113502258125,0.029649569386997143,-1.6748257577072323,0.029649569386997143,98.197787592752,-0.010532658932094686,-0.011000388677468798,-0.029279895309575067,0.4061161703785136,-3.6120796501319337,0.1585306540629421,-0.012992044646210439,0.080080411422204,0.1723433432096806,-0.017770014433857277,0.06799864081507968,-0.0138126891467385,0.0035048406136593633,0.012081770607124315,0.0019967865206879515,-0.012992044646210439,0.080080411422204,0.0023599030424986387,-0.017770014433857277,0.06799864081507968,0.0021995094332321443,-0.016496885259869802,-0.00020272291254419279,0.0035048406136593633,0.012081770607124315,0.0062346861783533405,0.038074829034945024,0.012698940457756122,-0.1331587617334949,0.9897105809727009,0.995189703588527,53,4240.0,4242.25,0.07945205479452055,29.0,17.9080636097256,-1.4928085881184288,19.553239798045833,18.749299059517057,17.662514104352265,17.662528019692388,18.059475175361182,18.048737264526288,17.8784140403386
2023-10-05,-0.08169567264505773,0.07576122992516332,-0.01278632803816393,0.049813863240885325,-0.19126861741133538,-0.06725349005226278,0.08368441333681176,-0.14145475417045006,0.01643092328454898,-0.01964674364615604,-0.06204892899890169,-0.01964674364615604,75.95130438362993,0.0008855900730472911,-0.03302052451686503,-0.09387219869679683,-0.14337837982781507,1.4328367990367683,0.15956159119887844,-0.014660920338319113,0.07577274960376305,0.1585306540629421,-0.012992044646210439,0.080080411422204,0.001030937135936355,-0.0013618855565525594,-0.004307661818440903,0.002022841479977047,-0.014660920338319113,0.07577274960376305,0.0019967865206879515,-0.012992044646210439,0.080080411422204,0.0020219833881058758,-0.013299034781766554,8.580918711711093e-07,-0.0013618855565525594,-0.004307661818440903,-0.002408942066195033,-0.014936707779858921,-0.007919723105956965,0.09327605041007708,0.9977273615187826,0.9897105809727009,150,4280.0,4282.15,0.07945205479452055,29.0,17.82636793708054,-0.1767927980002284,17.9080636097256,17.98382483965076,17.971038511612598,18.020852374853483,17.829583757442148,17.762330267389885,17.846014680726697
2023-10-06,-0.948253815877834,-1.1280627199553948,-0.052242487615153266,0.519300847394554,-0.06658454803976355,-0.21193554620332478,-0.0036654605610557667,0.4527162993547904,-0.21560100676438054,-0.005063900897695817,-0.9431899149801382,-0.005063900897695817,99.46597621724221,0.0008314218653118392,-0.05642561174206624,-0.120524451627796,-0.12891297570657523,0.7735450917343082,0.1529580321126241,-0.013901779574162079,0.07758534704533475,0.15956159119887844,-0.014660920338319113,0.07577274960376305,-0.006603559086254346,-0.0009873519623519022,0.0028716677061500634,0.0017947738861848308,-0.013901779574162079,0.07758534704533475,0.002022841479977047,-0.014660920338319113,0.07577274960376305,0.001865786162946059,-0.012914427611810176,-7.101227676122816e-05,-0.0009873519623519022,0.0028716677061500634,-0.001269802933521651,0.00028975225844125874,-0.0005187954073829042,-0.005994361963767708,0.9979615686673625,0.9977273615187826,150,4270.0,4273.95,0.07945205479452055,29.0,16.878114121202707,-1.0359692181639026,17.82636793708054,16.698305217125146,16.646062729509993,17.165363576904547,17.098779028864783,16.886843482661458,16.883178022100402
2023-10-09,0.3842761035252451,-0.5336223136358775,0.18587767467605687,1.3167826847870998,0.06951806008312289,-0.6657153771600655,-0.048429053751366524,1.3863007448702227,-0.714144430911432,0.05986442852627505,0.32441167499897006,0.05986442852627505,84.42150631353473,0.001079220511337224,-0.06240558617325381,-0.15847354081957518,-0.06104023094858011,-0.4173658587606145,0.15062242741282678,-0.014701397149408373,0.08598506471821359,0.1529580321126241,-0.013901779574162079,0.07758534704533475,-0.0023356046997973223,-0.0017992225294385187,0.008957434349980517,0.001805024214185822,-0.014701397149408373,0.08598506471821359,0.0017947738861848308,-0.013901779574162079,0.07758534704533475,0.0017091789865262546,-0.012902174619969854,9.584522765956741e-05,-0.0017992225294385187,0.008957434349980517,-0.0014515798485390512,0.0119019857337304,-0.00278716760948762,0.008696162834100296,0.9977629723642397,0.9979615686673625,54,4320.0,4323.85,0.07671232876712329,28.0,17.26239022472795,0.4142455321026439,16.878114121202707,16.34449180756683,16.530369482242886,17.847152167029986,17.91667022711311,17.250954849953043,17.202525796201677
2023-10-10,-0.5887415732519479,-0.5107871056799596,-0.5291400110854063,0.5723244225182889,0.037115997161993874,-0.15029980553157074,-0.006017017339246422,0.6094404196802827,-0.15631682287081716,-0.0019380532960475705,-0.5868035199559003,-0.0019380532960475705,99.67081426145216,-0.005102584157880362,-0.09518169739325213,-0.1691871816460806,0.05204268491959146,-0.06791664298745785,0.14366869764486115,-0.014216548264299626,0.09626067241874749,0.15062242741282678,-0.014701397149408373,0.08598506471821359,-0.006953729767965627,-0.00038167917017215523,0.012560561921137692,0.0016422075988862031,-0.014216548264299626,0.09626067241874749,0.001805024214185822,-0.014701397149408373,0.08598506471821359,0.0017359297648470305,-0.013834869094127471,-9.37221659608274e-05,-0.00038167917017215523,0.012560561921137692,-0.0004875820498098978,0.011465635974983332,1.2505796909687006e-05,0.010825813361489772,0.9970321818407079,0.9977629723642397,54,4350.0,4352.05,0.07956164383561644,29.04,16.673648651476004,-0.6175403865151097,17.26239022472795,16.751603119047992,16.222463107962586,16.794787530480875,16.83190352764287,16.681603722111298,16.67558670477205
2023-10-11,-0.6903766012633739,-0.3742343839278348,-0.059113770119427755,-0.09105123925907677,-0.2060359990447953,0.03239903965432056,0.07316808643362194,-0.29708723830387207,0.1055671260879425,-0.06550833500018172,-0.6248682662631921,-0.06550833500018172,90.51121737319849,0.0003690156406651534,0.026059856536448937,0.06747666416508585,-0.1855090584789235,1.178822951560715,0.13709562770316835,-0.014006765909618966,0.09867240104429804,0.14366869764486115,-0.014216548264299626,0.09626067241874749,-0.006573069941692794,-0.0006552467536419145,0.0024117286255505577,0.001495377894163999,-0.014006765909618966,0.09867240104429804,0.0016422075988862031,-0.014216548264299626,0.09626067241874749,0.00158027373695815,-0.013351519155977052,-8.489584279415107e-05,-0.0006552467536419145,0.0024117286255505577,-0.0005996101696992117,0.002984176692213819,6.697573480284047e-06,-0.007002395540471551,0.9985017129172732,0.9970321818407079,56,4370.0,4374.6,0.07956164383561644,29.04,15.98327205021263,-0.6728446667707644,16.673648651476004,16.29941426754817,16.24030049742874,16.149249258169665,15.94321325912487,15.97561229877919,16.04878038521281
2023-10-12,0.3455057360052294,0.5666389895877266,-0.1235313996123395,-0.04232799175465374,-0.1525949701242375,0.028453552338408628,0.07828816872276434,-0.19492296187889124,0.10674172106117297,-0.009420613152439472,0.35492634915766885,-0.009420613152439472,97.27338444178626,-0.00032423718255182506,-0.01573696281472738,-0.0010015591349871293,-0.16007961731791634,2.220499057803478,0.14063900889703745,-0.016008736410262327,0.09651940769193347,0.13709562770316835,-0.014006765909618966,0.09867240104429804,0.0035433811938690996,-0.0006998059348917555,-0.0021529933523646294,0.0015736760742893977,-0.016008736410262327,0.09651940769193347,0.001495377894163999,-0.014006765909618966,0.09867240104429804,0.0015920965831004484,-0.015308930475370571,-1.8420508811050696e-05,-0.0006998059348917555,-0.0021529933523646294,-0.0012767804627481227,-0.006924925617316127,-0.0024354784162298297,0.04037179751268641,0.9976650681768829,0.9985017129172732,139,4390.0,4394.3,0.07956164383561644,29.04,16.32877778621786,0.32193469440806055,15.98327205021263,16.549911039800357,16.426379640188017,16.384051648433363,16.231456678309126,16.259910230647534,16.3381983993703
2023-10-13,2.1311827836686206,0.4431341111608944,-0.4682027193422691,2.8063365469630845,0.7355350257874136,-1.2759443976229825,-0.3864607972959071,3.541871572750498,-1.6624051949188896,0.27678501401838673,1.8543977696502338,0.27678501401838673,87.0126102679035,-0.0004301827858108768,-0.24356711667355704,-0.5088482389627618,0.5493217432826977,-4.796449502359672,0.15631979053952771,-0.01810345578186525,0.10253490409469906,0.14063900889703745,-0.016008736410262327,0.09651940769193347,0.01568078164249026,-0.0010718251174663303,0.005567671650615183,0.0018772109278837909,-0.01810345578186525,0.10253490409469906,0.0015736760742893977,-0.016008736410262327,0.09651940769193347,0.0016606814535184617,-0.01703163066439892,0.00021652947436532916,-0.0010718251174663303,0.005567671650615183,-0.0007509393639185957,0.00884835597696483,0.0007909546992306976,-0.01878036156764279,0.9988622410088811,0.9976650681768829,139,4365.0,4365.4,0.07956164383561644,29.04,18.45996056988648,2.340410603756311,16.32877778621786,16.771911897378754,16.303709178036485,19.11004572499957,19.845580750786983,18.569636353164,18.183175555868093
2023-10-16,-1.5930924388727412,-1.2421969707721274,-0.0904128694942905,-0.007041216656364924,-0.23430335726522955,-0.10028587666293731,0.09850042709929596,-0.24134457392159447,-0.0017854495636413503,-0.017352575121087455,-1.5757398637516538,-0.017352575121087455,98.91076156676972,-0.002158423737954023,0.08060958806706695,0.05588140235709492,-0.3745191838560699,4.003044034239322,0.1426310195742001,-0.015735755077834614,0.09830595093301228,0.15631979053952771,-0.01810345578186525,0.10253490409469906,-0.013688770965327612,0.0002386862801107073,-0.004374189789226324,0.0016185708737213448,-0.015735755077834614,0.09830595093301228,0.0018772109278837909,-0.01810345578186525,0.10253490409469906,0.0017004605027808898,-0.01597444135794532,-8.188962905954504e-05,0.0002386862801107073,-0.004374189789226324,-0.0009250852976144565,-0.016149894612728657,-0.001875616156085655,0.00722698402138372,0.9959555618246422,0.9988622410088811,52,4340.0,4342.2,0.07682191780821918,28.04,16.86686813101374,-1.721811913376186,18.45996056988648,17.217763599114353,17.127350729620062,17.120309512963697,16.886006155698468,16.78572027903553,16.884220706134826
2023-10-17,0.40921574712684716,-0.011249595637895737,0.04270716944959574,0.2802898565298939,0.4151019929345061,-0.1256629163334182,-0.22376740552875063,0.6953918494644,-0.3494303218621688,0.03179664571291596,0.3774191014139312,0.03179664571291596,92.22985773735151,0.0009657451901676184,-0.027118006598941848,-0.08276046133096115,0.32836519633601413,-3.435006549885475,0.14538974024431858,-0.014468078542653647,0.11064254793617838,0.1426310195742001,-0.015735755077834614,0.09830595093301228,0.0027587206701184808,0.0012990480334766595,0.012336597003166055,0.0016817880754622875,-0.014468078542653647,0.11064254793617838,0.0016185708737213448,-0.015735755077834614,0.09830595093301228,0.0016210841818902224,-0.015767126576130306,6.070389357206514e-05,0.0012990480334766595,0.012336597003166055,0.0030937446855378633,0.03024567221120894,0.010267888463168248,-0.1274801266246759,0.9915406584846034,0.9959555618246422,52,4380.0,4387.4,0.07956164383561644,29.04,17.276083878140586,0.6068629533852246,16.86686813101374,16.855618535375843,16.89832570482544,17.178615561355333,17.59371755428984,17.46805463795642,17.24428723242767
2023-10-18,2.019506713159153,1.264785792624476,0.9197156338864403,0.017667839864373036,-0.331664915160065,-0.029031360848467358,0.12547001357648568,-0.313997075295692,0.09643865272801833,0.05256370921591014,1.9669430039432427,0.05256370921591014,97.39720057014894,0.008428097221030682,0.0003846226716082055,-0.006740629463403769,-0.527493909717495,6.2020069011865955,0.16333673394306614,-0.02209585504162163,0.08140177726529145,0.14538974024431858,-0.014468078542653647,0.11064254793617838,0.017946993698747554,-0.004658332238830911,-0.029153506439486665,0.0021226162371141334,-0.02209585504162163,0.08140177726529145,0.0016817880754622875,-0.014468078542653647,0.11064254793617838,0.0018961022374067225,-0.01743752280279072,0.00022651399970741084,-0.004658332238830911,-0.029153506439486665,-0.0066394011712225635,-0.04867533000460938,-0.016917737853032543,0.19114580750704974,0.9914059555000893,0.9915406584846034,52,4380.0,4386.7,0.07956164383561644,29.04,19.29559059129974,1.7421575129804197,17.276083878140586,18.540869670765062,19.460585304651502,19.478253144515875,19.14658822935581,19.117556868507343,19.24302688208383
2023-10-19,0.8945749404941843,1.0759068237458926,-0.5982606948998317,0.21759668848909897,0.6349222762944109,-0.18554825401821873,-0.3225618670682202,0.8525189647835099,-0.5081101210864389,0.07251996795105242,0.8220549725431319,0.07251996795105242,91.89336022413163,-0.005694787433094806,-0.05864569424096502,-0.15152585514927386,0.6022648563972909,-5.572191154666437,0.1718035867710027,-0.020515493401369357,0.09752657058430705,0.16333673394306614,-0.02209585504162163,0.08140177726529145,0.00846685282793655,0.0030453707326686535,0.015449396667347792,0.002348379066551116,-0.020515493401369357,0.09752657058430705,0.0021226162371141334,-0.02209585504162163,0.08140177726529145,0.0023269679300366407,-0.02356086413403801,2.141113651447533e-05,0.0030453707326686535,0.015449396667347792,0.004212155928191654,0.02648094852914057,0.0075509456081209285,-0.07701961428045581,0.9985754773843494,0.9914059555000893,204,4325.0,4328.2,0.07956164383561644,29.04,20.190165531793923,1.1207877702312494,19.29559059129974,20.37149741504563,19.7732367201458,19.9908334086349,20.62575568492931,20.44020743091109,20.11764556384287
2023-10-20,0.4309409879872881,0.9816280100229058,-1.0400860395656046,0.1661595742932036,0.22631191886986457,0.036032390502281686,-0.026105851710031658,0.3924714931630682,0.009926538792250028,0.08700098557466873,0.34394000241261935,0.08700098557466873,79.81139227878803,-0.010422401081250546,-0.025994913459809327,0.007103708212031847,0.3538453320537794,-1.8419008813480824,0.1755653458809396,-0.018743454993709132,0.10745120877763008,0.1718035867710027,-0.020515493401369357,0.09752657058430705,0.003761759109936924,0.004124454743250353,0.009757154473649485,0.0023678966205676784,-0.018743454993709132,0.10745120877763008,0.002348379066551116,-0.020515493401369357,0.09752657058430705,0.002608985430279547,-0.022867909736959485,-0.00024108880971186871,0.004124454743250353,0.009757154473649485,0.0031124042051639857,8.008612545129523e-05,0.0020638112247496863,0.030290934345952203,0.9968223732990321,0.9985754773843494,215,4285.0,4289.45,0.07956164383561644,29.04,20.62110651978121,0.4567665793869331,20.190165531793923,21.17179354181683,20.131707502251224,20.297867076544428,20.524178995414292,20.560211385916574,20.534105534206542
2023-10-23,-0.1707591221183442,-0.0612366970932392,-0.008472726358046856,0.17185093868329204,-0.21878558598648468,-0.17358084428053644,0.0900941832713471,-0.046934647303192634,-0.08348666100918933,0.029371609645323815,-0.20013073176366802,0.029371609645323815,82.79939057957448,-2.72678758007462e-05,0.06382479450298384,0.034722121029311055,-0.3174544279491086,2.6059768148601963,0.17484381398350105,-0.0217403834504473,0.08123754679737999,0.1755653458809396,-0.018743454993709132,0.10745120877763008,-0.0007215318974385654,-0.0026112073666198603,-0.026213661980250158,0.002432228037622324,-0.0217403834504473,0.08123754679737999,0.0023678966205676784,-0.018743454993709132,0.10745120877763008,0.002401884773681682,-0.01912917608382744,3.0343263940641862e-05,-0.0026112073666198603,-0.026213661980250158,-0.004742752636276517,-0.04629601306022589,-0.0066086204388102684,0.05862205615464108,0.9887820756597953,0.9968223732990321,64,4235.0,4238.1,0.07682191780821918,28.04,20.450347397662867,-0.3983039269479569,20.62110651978121,20.559869822687972,20.551397096329925,20.723248035013217,20.504462449026732,20.330881604746196,20.420975788017543
2023-10-24,-1.7605014544876845,-0.7850671300985397,-0.930816169326782,-0.19361931364170104,0.1949994270463158,0.03782256108985038,-0.07718553413037199,0.0013801134046147467,-0.03936297304052161,-0.006635295426455912,-1.7538661590612286,-0.006635295426455912,99.6231019628219,-0.0060425522370687575,0.02046014416592799,0.03941693070764017,0.22209653277879773,-2.0611524963523675,0.1637180232443521,-0.01737782137595971,0.08828988926655709,0.17484381398350105,-0.0217403834504473,0.08123754679737999,-0.011125790739148933,0.003112115392580602,0.005519218747311164,0.0021325377714013966,-0.01737782137595971,0.08828988926655709,0.002432228037622324,-0.0217403834504473,0.08123754679737999,0.0022669018600779294,-0.02048993676854031,-0.0001343640886765328,0.003112115392580602,0.005519218747311164,0.006343154373193237,0.03771235159612398,0.007753683495594601,-0.08268777384320669,0.997355089266029,0.9887820756597953,57,4230.0,4230.5,0.07956164383561644,29.04,18.689845943175182,-1.6584870706336474,20.450347397662867,19.665280267564327,18.734464098237545,18.540844784595844,18.73584421164216,18.77366677273201,18.69648123860164
2023-10-25,1.5236607784590532,1.1681480835819116,-0.20064179991230802,0.5923786509562738,0.04627439783159204,-0.2312708080810424,0.02508897172389979,0.6386530487878659,-0.2061818363571426,0.12368328235872639,1.3999774961003268,0.12368328235872639,91.88249221169735,0.004323775178071841,0.049839176275134345,0.1956708830322273,-0.0024088946554205203,-0.11051791913248724,0.17606205256544644,-0.019238846437310192,0.09620049511384077,0.1637180232443521,-0.01737782137595971,0.08828988926655709,0.012344029321094324,0.0007933371591487132,0.007456186608102655,0.002381314004804841,-0.019238846437310192,0.09620049511384077,0.0021325377714013966,-0.01737782137595971,0.08828988926655709,0.0024116355740723223,-0.020032183596458905,-3.03215692674815e-05,0.0007933371591487132,0.007456186608102655,-0.003021678774378103,-0.030799794499726106,-0.0031177607590112226,0.05093124275151978,0.9876732407661627,0.997355089266029,58,4260.0,4263.25,0.07956164383561644,29.04,20.213506721634236,1.4559897803030992,18.689845943175182,19.857994026757094,19.657352226844786,20.24973087780106,20.296005275632652,20.06473446755161,20.08982343927551
2023-10-26,0.4242813319671157,1.4965070691881266,-0.8065708423380862,-0.698510848946686,0.12342003118784817,0.2948227629574056,0.002824521544457781,-0.5750908177588379,0.2976472845018634,0.011788638374049754,0.41249269359306595,0.011788638374049754,97.22150434491343,-0.006666128746782836,0.07733200110150194,0.2017751054795762,0.12089016149724961,-0.04035426118378274,0.18005967676540643,-0.019318258157212914,0.09682884955889078,0.17606205256544644,-0.019238846437310192,0.09620049511384077,0.003997624199959998,0.0022079212876327005,0.0025472551896660867,0.0025795068169777845,-0.019318258157212914,0.09682884955889078,0.002381314004804841,-0.019238846437310192,0.09620049511384077,0.0026380734787786134,-0.021526179444845615,-5.8566661800828895e-05,0.0022079212876327005,0.0025472551896660867,0.00017480319097631578,-0.023434091353808598,0.0003318255993171211,0.019408504779939134,0.9842508128150073,0.9876732407661627,136,4190.0,4199.95,0.07682191780821918,28.04,20.63778805360135,0.3825724478620174,20.213506721634236,21.710013790822362,20.903442948484276,20.20493209953759,20.32835213072544,20.623174893682844,20.6259994152273
2023-10-27,-0.08944530797548822,0.10864314230937921,-0.7393099080680017,0.317666348225778,0.290777282396288,-0.03505238616707018,-0.10325056135757649,0.608443630622066,-0.13830294752464667,0.07108077468571494,-0.16052608266120316,0.07108077468571494,20.53157812906847,-0.0031319189683495963,0.013824244410203575,0.10779722643466114,0.0802129485189439,-0.11865911663717964,0.18026455250292797,-0.018147569038724796,0.0899990182208091,0.18005967676540643,-0.019318258157212914,0.09682884955889078,0.0002048757375215371,0.0019214871411400783,-0.006829831338081752,0.002496351948629665,-0.018147569038724796,0.0899990182208091,0.0025795068169777845,-0.019318258157212914,0.09682884955889078,0.002655857816335326,-0.020069056179864875,-0.00015950586770566112,0.0019214871411400783,-0.006829831338081752,0.003687307004593139,0.018166071697328513,0.002608696083385688,-0.008015556997043038,0.9915208382658846,0.9842508128150073,165,4145.0,4147.9,0.07956164383561644,29.04,20.548342745625863,0.011398855727826174,20.63778805360135,20.74643119591073,20.00712128784273,20.324787636068507,20.615564918464795,20.580512532297725,20.477261970940148
2023-10-30,-1.5194577619749943,-1.1907397894486103,-0.44477526861964733,0.08697136181843845,0.24898435215760983,-0.10653207476906346,-0.11159276690555231,0.3359557139760483,-0.21812484167461577,-0.001773576208169203,-1.517684185766825,-0.001773576208169203,99.88327571502455,-0.0076345869520534244,0.02588126137762592,-0.0779546631447541,0.332721095962864,-3.337522919036257,0.16780861225752403,-0.014359313746562567,0.08426187358050921,0.18026455250292797,-0.018147569038724796,0.0899990182208091,-0.012455940245403946,0.0017780129912830095,-0.006001408014229284,0.0022404344364383485,-0.014359313746562567,0.08426187358050921,0.002496351948629665,-0.018147569038724796,0.0899990182208091,0.002303713632879887,-0.016137326737845577,-6.327919644153867e-05,0.0017780129912830095,-0.006001408014229284,0.006795748809730167,0.042733145641096024,0.0109811935738451,-0.13423937126946348,0.9903601878306875,0.9915208382658846,60,4130.0,4131.85,0.07682191780821918,28.04,19.02888498365087,-1.435630876454752,20.548342745625863,19.357602956177253,18.912827687557606,18.999799049376044,19.248783401533654,19.14225132676459,19.030658559859038
2023-10-31,-1.6518746584394641,-0.5429554930435287,-1.1408290289550003,0.12828789974339116,-0.0037205273339147027,-0.10804148153963666,0.02652949321722886,0.12456737240947646,-0.0815119883224078,-0.011145520528003772,-1.6407291379114604,-0.011145520528003772,99.32528049443333,-0.010066600501314157,-0.025185857731795328,-0.10350254326983623,0.01958588059073325,0.3690871391233593,0.15539891711536757,-0.011815241166310933,0.0861488320996135,0.16780861225752403,-0.014359313746562567,0.08426187358050921,-0.012409695142156452,0.001483303561470875,0.0037937789367795405,0.0019213200896325004,-0.011815241166310933,0.0861488320996135,0.0022404344364383485,-0.014359313746562567,0.08426187358050921,0.0021547276861812047,-0.013298544727781808,-0.00023340759654870424,0.001483303561470875,0.0037937789367795405,0.0010143001674777705,-0.0006744270444480338,0.0023519570978003217,0.0037656513694236116,0.9785763459921675,0.9903601878306875,53,4175.0,4178.35,0.07956164383561644,29.04,17.377010325211405,-1.618425338267933,19.02888498365087,18.48592949060734,17.34510046165234,17.47338836139573,17.469667834061816,17.36162635252218,17.38815584573941
2023-11-01,-0.7949201280427474,-0.6763538309756498,-0.4336746878109672,0.9144928025551344,-0.23298924197514026,-0.40731839117499646,0.0713349559943417,0.6815035605799942,-0.33598343518065477,-0.030411734655469758,-0.7645083933872776,-0.030411734655469758,96.17424020569845,-0.004566235996095382,-0.1473318117557966,-0.3534850213013924,-0.21264147808070763,1.8460501608846456,0.14355134252772367,-0.012024388954919838,0.10661974735545948,0.15539891711536757,-0.011815241166310933,0.0861488320996135,-0.011847574587643905,-0.0019924926959866123,0.02153388309840354,0.0016395258351274082,-0.012024388954919838,0.10661974735545948,0.0019213200896325004,-0.011815241166310933,0.0861488320996135,0.001810793906779491,-0.010031896258933226,-0.00017126807165208273,-0.0019924926959866123,0.02153388309840354,-0.007757071841698229,-0.033632268403307325,-0.003410152278304157,0.03432739553386238,0.9903611369147823,0.9785763459921675,231,4200.0,4205.25,0.07956164383561644,29.04,16.582090197168657,-1.024406570109175,17.377010325211405,16.700656494235755,16.266981806424788,17.181474608979922,16.948485367004782,16.541166975829785,16.612501931824127
2023-11-02,-1.436825891234088,-1.4223496271260068,-0.23607875538762002,0.7710340294389262,-0.24391965590918474,-0.385345868346759,0.046996667671024284,0.5271143735297414,-0.3383492006757347,0.03283731842553195,-1.46966320965962,0.03283731842553195,97.71459307450758,-0.0007890910035600955,-0.13488993806137806,-0.362088617993304,-0.2952109340224749,1.8282761166451849,0.13342687471025072,-0.011188318602107056,0.1067371476965787,0.14355134252772367,-0.012024388954919838,0.10661974735545948,-0.010124467817472949,-0.003079209485476979,-0.002806748270393969,0.0014164145347649348,-0.011188318602107056,0.1067371476965787,0.0016395258351274082,-0.012024388954919838,0.10661974735545948,0.0014404853975172138,-0.008109109116630077,-2.4070862752279074e-05,-0.003079209485476979,-0.002806748270393969,-5.35726674910815e-05,0.023036280306717102,-0.0013489326477072981,-0.02223825975796806,0.9971565618844489,0.9903611369147823,136,4245.0,4248.95,0.07956164383561644,29.04,15.14526430593457,-1.3801827754430196,16.582090197168657,15.15974057004265,14.92366181465503,15.694695844093957,15.450776188184772,15.065430319838013,15.112426987509037
2023-11-03,-0.605322317602905,-0.8498498710771027,-0.13371014129860548,0.6735003399270347,-0.2527398875829867,-0.1304083355611052,0.09281644823584756,0.420760452344048,-0.037591887325257645,-0.004930870245987151,-0.6003914473569179,-0.004930870245987151,99.18541410045584,-0.0011340919251625144,-0.10956106823695266,-0.1022573958875576,-0.22747262160596232,1.766135050514272,0.12634807529246644,-0.011792101963864784,0.10595909823430497,0.13342687471025072,-0.011188318602107056,0.1067371476965787,-0.007078799417784276,-0.002629520394573849,-0.0019934925956243132,0.001226372507091249,-0.011792101963864784,0.10595909823430497,0.0014164145347649348,-0.011188318602107056,0.1067371476965787,0.0013171214682691792,-0.009162581569290935,-9.074896117793009e-05,-0.002629520394573849,-0.0019934925956243132,-0.0020124433720288167,0.0038123683786386864,-0.0038345743338330813,0.03890353877715291,0.9975602072556513,0.9971565618844489,140,4325.0,4328.6,0.07956164383561644,29.04,14.539941988331664,-0.693795387662238,15.14526430593457,14.295414434857467,14.161704293558861,14.835204633485896,14.582464745902909,14.452056410341804,14.544872858577651
2023-11-06,-0.30347139872984563,-0.34028666343182046,-0.0459763954001442,-0.06641697101657762,0.17506659095771937,0.04174041738487233,-0.09861689062724288,0.10864961994114175,-0.05687647324237055,0.031018513403347825,-0.33448991213319346,0.031018513403347825,89.77876876266652,-0.0013708548505046696,0.09494759780418002,0.19509227463400408,0.10228706312955574,-1.8517893474367795,0.12177382237786116,-0.010235068931845007,0.10880593427502783,0.12634807529246644,-0.011792101963864784,0.10595909823430497,-0.004574252914605281,0.0012153876929946288,0.002846836040722847,0.0011781837004902235,-0.010235068931845007,0.10880593427502783,0.001226372507091249,-0.011792101963864784,0.10595909823430497,0.0012076371838835847,-0.011450456624839636,-2.9453483393361178e-05,0.0012153876929946288,0.002846836040722847,0.001882617234500998,0.008338550296840691,0.0061406440270963605,-0.08503193515038092,0.9981374141574206,0.9975602072556513,63,4365.0,4369.5,0.07682191780821918,28.04,14.236470589601819,-0.18227439170430593,14.539941988331664,14.199655324899844,14.1536789294997,14.087261958483122,14.262328549440841,14.304068966825714,14.20545207619847
2023-11-07,0.1316801211554104,-0.1890928578339235,0.008552361589961421,0.5725940968163759,-0.09375355873383029,-0.25606366835811656,0.020001335948762744,0.47884053808254556,-0.23606233240935381,0.06944241172618071,0.06223770942922968,0.06944241172618071,47.264316650936266,-0.0006072923547784703,-0.08531341441006857,-0.17905606408918764,-0.048532758754521566,0.20205704847574263,0.1221301148663164,-0.01104026731361761,0.10590669633247217,0.12177382237786116,-0.010235068931845007,0.10880593427502783,0.00035629248845524264,-0.001507633150630145,-0.0028992379425556436,0.0011850881746863825,-0.01104026731361761,0.10590669633247217,0.0011781837004902235,-0.010235068931845007,0.10880593427502783,0.0011462793699801711,-0.009532634162987465,3.880880470621137e-05,-0.001507633150630145,-0.0028992379425556436,-0.0017879361451178123,-0.00592190674237883,-0.0037670361475932897,0.03178942212311524,0.9989508442148729,0.9981374141574206,63,4375.0,4376.55,0.07945205479452055,29.0,14.368150710757229,0.08835401237410778,14.236470589601819,14.047377731767895,14.055930093357857,14.628524190174232,14.534770631440402,14.278706963082286,14.298708299031048
2023-11-08,-0.3008153121146826,-0.14593725162015403,-0.21198800474474666,-0.0032635961767670807,0.200045016731357,0.009361504844854096,-0.10917417580571076,0.19678142055458991,-0.09981267096085666,-0.03985880534351516,-0.26095650677116744,-0.03985880534351516,86.74974187207619,-0.004798881546068431,-0.06053612403781356,-0.1873742917470333,0.24940319920048393,-2.7838977226496713,0.11817432728516161,-0.010181449217836687,0.11409743630492646,0.1221301148663164,-0.01104026731361761,0.10590669633247217,-0.003955787581154793,0.0006297954378070049,0.00819073997245437,0.0011095615815060666,-0.010181449217836687,0.11409743630492646,0.0011850881746863825,-0.01104026731361761,0.10590669633247217,0.0011732747305764893,-0.010811244655643691,-6.371314907042264e-05,0.0006297954378070049,0.00819073997245437,0.0014547218552495057,0.016896771974830624,0.005660028063048793,-0.0722447975795209,0.9984856943203855,0.9989508442148729,59,4390.0,4390.7,0.07945205479452055,29.0,14.067335398642546,-0.24887795534848856,14.368150710757229,14.222213459137075,14.010225454392328,14.006961858215561,14.207006874946918,14.216368379791772,14.107194203986062
2023-11-09,0.8373560546783771,0.6009237514678087,0.8985406990446414,-0.6732589013819759,-0.35311695762351647,0.2554158563452553,0.12271110042414435,-1.0263758590054923,0.37812695676939967,-0.013859493597980332,0.8512155482763575,-0.013859493597980332,98.34485061395971,0.008760605023894216,0.08994312209287111,0.2553042659945569,-0.3703959022187514,3.7955359721594393,0.1289517119790089,-0.013433715184582131,0.09873981207934644,0.11817432728516161,-0.010181449217836687,0.11409743630492646,0.010777384693847286,-0.001378205742861809,-0.015357624225580041,0.001321171990814249,-0.013433715184582131,0.09873981207934644,0.0011095615815060666,-0.010181449217836687,0.11409743630492646,0.001200872572080489,-0.012055509441720322,0.00012029941873375983,-0.001378205742861809,-0.015357624225580041,-0.0020674853429155943,-0.022578725237911226,-0.0064335355215122715,0.06916142965700128,0.9987266144281391,0.9984856943203855,132,4390.0,4395.45,0.07945205479452055,29.0,14.904691453320924,0.7252266220484866,14.067335398642546,14.668259150110355,15.566799849154997,14.89354094777302,14.540423990149504,14.79583984649476,14.918550946918904
2023-11-10,-1.3627902343193803,-1.4031842489039086,-0.66322625903911,0.9988791539439354,0.1388362470175064,-0.42446069770265993,-0.05035791780902166,1.1377154009614419,-0.4748186155116816,0.04072348817387805,-1.4035137224932583,0.04072348817387805,97.01175667770934,-0.004697132480110003,-0.13185530994106062,-0.30038202808733305,0.1221538211646917,-1.191208030172473,0.11613386598480795,-0.009761568802752791,0.11825823245039425,0.1289517119790089,-0.013433715184582131,0.09873981207934644,-0.012817845994200952,0.0007121434999402161,0.01995229257553073,0.0010346249183566174,-0.009761568802752791,0.11825823245039425,0.001321171990814249,-0.013433715184582131,0.09873981207934644,0.0011415723655941914,-0.010473712302693007,-0.00010694744723757405,0.0007121434999402161,0.01995229257553073,0.0014413524302910492,0.026640871961375573,0.004302419998941558,-0.06652485514984777,0.9994706977197565,0.9987266144281391,131,4355.0,4359.5,0.07945205479452055,29.0,13.541901219001543,-1.2635057674421457,14.904691453320924,13.501507204417015,12.838280945377905,13.83716009932184,13.975996346339347,13.551535648636687,13.501177730827665
2023-11-13,0.9762863467524028,-0.11612627761485328,1.5651307676694977,-0.371757060151392,-0.2862507350362229,0.12979244306882975,0.07345823224951253,-0.6580077951876149,0.2032506753183423,-0.017961023432969014,0.9942473701853718,-0.017961023432969014,98.16027096018335,0.006475535880351723,0.06706241540494187,0.04479270331281327,-0.26399761254592485,2.045880962162141,0.12176957140401316,-0.01161024010633954,0.10274772004451846,0.11613386598480795,-0.009761568802752791,0.11825823245039425,0.005635705419205217,-0.0016508591738963324,-0.015510512405875768,0.0011781014440482049,-0.01161024010633954,0.10274772004451846,0.0010346249183566174,-0.009761568802752791,0.11825823245039425,0.0010428717925610677,-0.009959380932443208,0.0001352296514871372,-0.0016508591738963324,-0.015510512405875768,-0.0023985247080505513,-0.023178041864048926,-0.00579163809404209,0.0592756027259167,0.9985541470056749,0.9994706977197565,52,4425.0,4425.8,0.07671232876712329,28.0,14.518187565753946,0.8708731707828807,13.541901219001543,13.42577494138669,14.990905709056188,14.619148648904796,14.332897913868573,14.462690356937403,14.536148589186915
2023-11-14,-0.5215130354902211,-1.4441632931925117,0.6527671472699126,0.9173279063980768,-0.2777387201936463,-0.3856761169283853,0.08499595623805511,0.6395891862044305,-0.3006801606903302,-0.06902591508172229,-0.4524871204084988,-0.06902591508172229,86.76429726884236,0.007871636518206755,-0.12767475848209173,-0.2522707998186801,-0.2967843176261897,2.1191869713115565,0.11858019187490687,-0.010327636758208797,0.12163647933500382,0.12176957140401316,-0.01161024010633954,0.10274772004451846,-0.0031893795291062926,-0.0027309184752096352,0.01800175392907971,0.0011171961513632936,-0.010327636758208797,0.12163647933500382,0.0011781014440482049,-0.01161024010633954,0.10274772004451846,0.0009914207363322164,-0.007596718282999162,0.00012577541503107728,-0.0027309184752096352,0.01800175392907971,-0.002858663357273219,0.01650424076444039,-0.002674808284676769,-0.018931042186092817,0.9977286263910087,0.9985541470056749,53,4420.0,4422.1,0.07945205479452055,29.0,13.996674530263725,-0.528857297935712,14.518187565753946,13.074024272561434,13.726791419831347,14.644119326229424,14.366380606035777,13.980704489107392,14.065700445345447
2023-11-15,-0.3392046480219406,-0.20155195632147205,-0.8466757308199586,0.5741725622330467,0.3085439649288251,-0.18222127984147463,-0.11891123696035599,0.8827165271618718,-0.3011325168018306,0.1274390287594489,-0.4666436767813895,0.1274390287594489,62.43004643285259,-0.005810108441927867,-0.08240190939276203,-0.13199096576461153,0.3169491924870788,-2.9431550212330078,0.11438203434023174,-0.009106612053935407,0.1320427810405024,0.11858019187490687,-0.010327636758208797,0.12163647933500382,-0.0041981575346751315,0.0006551041703457636,0.0104063017054985,0.0010394910783958593,-0.009106612053935407,0.1320427810405024,0.0011171961513632936,-0.010327636758208797,0.12163647933500382,0.0010938294413346365,-0.00976171622428117,-5.433836293877725e-05,0.0006551041703457636,0.0104063017054985,0.0012095468267970637,0.016170448401772133,0.004455474986861887,-0.04298832704617951,0.9988774421011448,0.9977286263910087,71,4500.0,4508.4,0.07945205479452055,29.0,13.657469882241784,-0.23210643513217022,13.996674530263725,13.795122573942253,12.948446843122294,13.522619405355341,13.831163370284166,13.648942090442691,13.530030853482335
2023-11-16,0.12347196303294083,0.06460002916174723,-0.3855499148523105,0.7832820047824356,-0.1324483604113027,-0.2938536549837316,0.05332744159197489,0.6508336443711329,-0.24052621339175673,0.034114417744127934,0.0893575452888129,0.034114417744127934,72.37071728176329,-0.004716761177292946,-0.135556840817263,-0.2290618801156158,-0.04001351000112884,0.7229619881022412,0.1118610627719588,-0.010318438065539878,0.13854966764103982,0.11438203434023174,-0.009106612053935407,0.1320427810405024,-0.0025209715682729394,-0.0014600802728609065,0.006506886600537415,0.0009941754070402495,-0.010318438065539878,0.13854966764103982,0.0010394910783958593,-0.009106612053935407,0.1320427810405024,0.0010310470720620386,-0.008858357792678972,-3.687166502178911e-05,-0.0014600802728609065,0.006506886600537415,-0.0021451231922981415,0.0005312736254265982,-0.0034286807420984312,0.03632321865497973,0.9993981873196827,0.9988774421011448,203,4510.0,4518.9,0.07945205479452055,29.0,13.780941845274725,0.006386662159929557,13.657469882241784,13.722069911403532,13.336519996551221,14.119802001333657,13.987353640922354,13.693499985938622,13.746827427530597
2023-11-17,-0.6007431692612766,-0.29844628141256635,-0.3677146749490259,0.07480435951739217,0.1817184875012554,-0.1492862277479059,-0.05748489691698033,0.2565228470186476,-0.20677112466488623,0.015666064746554298,-0.6164092340078309,0.015666064746554298,97.39221924640132,-0.0010623061793534746,0.023176905382767652,-0.02032711594589146,0.0952539970695683,-0.5021063556359975,0.10889325179600345,-0.008610967806260644,0.13953945405213047,0.1118610627719588,-0.010318438065539878,0.13854966764103982,-0.0029678109759553456,0.0014102220515602656,0.0008849589593439844,0.0009096348713090924,-0.008610967806260644,0.13953945405213047,0.0009941754070402495,-0.010318438065539878,0.13854966764103982,0.0009829149936658739,-0.01002118985782091,-7.32801223567815e-05,0.0014102220515602656,0.0008849589593439844,0.002199118106013767,0.007789722946025257,0.0028479816327096645,-0.020007595705932107,0.9995534920678202,0.9993981873196827,200,4520.0,4523.15,0.07945205479452055,29.0,13.180198676013449,-0.4779612790555703,13.780941845274725,13.482495563862159,13.114780888913133,13.189585248430525,13.37130373593178,13.222017508183875,13.164532611266894
2023-11-20,-0.20581404866065434,-0.6721393487647376,1.189626200729105,-0.30771319529295305,-0.47282568224137655,0.11980201094879916,0.0991421014798437,-0.7805388775343296,0.21894411242864287,-0.161706135519335,-0.044107913141319344,-0.161706135519335,21.43095353711464,0.005969234390513581,0.02476900921858939,-0.10272148180939807,-0.4679220417223117,3.337630855543246,0.10802905122400935,-0.009180482556559958,0.12946705199580166,0.10889325179600345,-0.008610967806260644,0.13953945405213047,-0.0008642005719941004,-0.0027204805418694633,-0.010737366542946158,0.0009272274009381632,-0.009180482556559958,0.12946705199580166,0.0009096348713090924,-0.008610967806260644,0.13953945405213047,0.0008498293255756531,-0.006460002014690495,7.739807536251008e-05,-0.0027204805418694633,-0.010737366542946158,-0.0038278879373196606,-0.021701996652529268,-0.0072197246473909606,0.05819084927309062,0.9980926145271365,0.9995534920678202,56,4525.0,4528.0,0.07671232876712329,28.0,12.974384627352794,-0.3341385720792811,13.180198676013449,12.508059327248711,13.697685527977816,13.389972332684863,12.917146650443486,13.036948661392286,13.13609076287213
2023-11-21,-0.08998009330315426,0.07792200572205665,-0.15380853441970643,-0.20580885281687955,0.17394318026264521,0.06262752509008607,-0.05861974992517105,-0.03186567255423434,0.004007775164915017,0.013764332783814837,-0.1037444260869691,0.013764332783814837,84.70291341281336,-0.001513729080574257,0.0481775855327858,0.09740450821635466,0.20895291171382727,-1.652979609025693,0.10764396316370467,-0.008146348228821248,0.13183818358015298,0.10802905122400935,-0.009180482556559958,0.12946705199580166,-0.00038508806030468357,0.001605090287500742,0.002371131584351288,0.000920628661265976,-0.008146348228821248,0.13183818358015298,0.0009272274009381632,-0.009180482556559958,0.12946705199580166,0.0009481000727872461,-0.00975143851632199,-2.7471411521270018e-05,0.001605090287500742,0.002371131584351288,0.001957208733901445,0.0064727362720814335,0.005299141088120737,-0.048759473390242475,0.9993780847204108,0.9980926145271365,49,4560.0,4562.8,0.07945205479452055,29.0,12.88440453404964,-0.014650087697193115,12.974384627352794,13.052306633074851,12.898498098655145,12.692689245838265,12.86663242610091,12.929259951190996,12.870640201265825
2023-11-22,-0.378311925677675,-0.3577614580577446,0.10434383624949284,0.11742559601782254,-0.18888298232354295,-0.05179961994634397,0.04278895579892783,-0.0714573863057204,-0.009010664147416136,-0.0444262534162867,-0.3338856722613883,-0.0444262534162867,88.25671346820342,-0.0005796082520189513,-0.0568156665757645,-0.1595355225447316,-0.2228242246986224,1.9450125823005409,0.10421682519485032,-0.008342626628798712,0.1324798275380995,0.10764396316370467,-0.008146348228821248,0.13183818358015298,-0.0034271379688543546,-0.0013491753870575112,0.0006416439579464694,0.0008629404190606183,-0.008342626628798712,0.1324798275380995,0.000920628661265976,-0.008146348228821248,0.13183818358015298,0.0008875300764694177,-0.0069934512417412,-2.4589657408799373e-05,-0.0013491753870575112,0.0006416439579464694,-0.0015379701424380002,-0.0014582218559579807,-0.0014248253015318726,0.0007181797590581351,0.9983671270100157,0.9993780847204108,58,4550.0,4552.75,0.07945205479452055,29.0,12.506092608371965,-0.3444174785899321,12.88440453404964,12.526643075991895,12.630986912241388,12.74841250825921,12.559529525935668,12.507729905989324,12.550518861788252
2023-11-24,-0.5796894474162162,-0.018102741058989125,-0.38616722828461114,-0.058862933040227716,-0.11253605488905372,-0.0160371348246251,0.0545741042335699,-0.17139898792928143,0.0385369694089448,-0.0425574595522793,-0.5371319878639369,-0.0425574595522793,92.65857611485498,-0.0010420225518370956,-0.023162859344591856,-0.03300643714394275,-0.1345455253736493,1.8258822574167504,0.10260418565413859,-0.008887236621506488,0.12686072227549403,0.10421682519485032,-0.008342626628798712,0.1324798275380995,-0.0016126395407117244,-0.0005619925651847851,-0.005619105262605423,0.0008075981632464939,-0.008887236621506488,0.12686072227549403,0.0008629404190606183,-0.008342626628798712,0.1324798275380995,0.0008623936745569348,-0.008325244056321703,-5.479551131044088e-05,-0.0005619925651847851,-0.005619105262605423,-0.0008459226158863738,-0.007633124440647371,-0.0020622537277602253,0.02920866093323224,0.9991666136649374,0.9983671270100157,150,4570.0,4572.7,0.07945205479452055,29.0,11.926403160955749,-0.6638234526755173,12.506092608371965,12.487989867312976,12.101822639028365,12.042959705988137,11.930423651099083,11.914386516274458,11.968960620508028
2023-11-27,0.11564158528418744,-0.24571060815354606,-0.17926399243042646,0.6213550441833853,0.15855561268434393,-0.24750055570959084,-0.06724233230328203,0.7799106568677292,-0.31474288801287287,0.07544841701330363,0.04019316827088382,0.07544841701330363,34.75667353755979,-0.0029290604803417445,0.014406291869716443,-0.05490260465101052,0.06541440262296128,-0.9365945474031372,0.10010005952116517,-0.00881589038904425,0.12826103521051194,0.10260418565413859,-0.008887236621506488,0.12686072227549403,-0.0025041261329734193,0.00038779370604931016,0.001400312935017911,0.0007961113303235165,-0.00881589038904425,0.12826103521051194,0.0008075981632464939,-0.008887236621506488,0.12686072227549403,0.0008188798784475151,-0.00920368409509356,-2.2768548123998605e-05,0.00038779370604931016,0.001400312935017911,0.000271103015403059,0.00013636496487101635,0.001027235191543463,-0.01572415026935514,0.9987686680049709,0.9991666136649374,51,4570.0,4573.0,0.07671232876712329,28.0,12.042044746239936,0.14245558221870347,11.926403160955749,11.680692552802203,11.501428560371776,12.122783604555162,12.281339217239506,12.033838661529915,11.966596329226633
2023-11-28,0.1485791360551616,-0.05033672456702476,0.32462483745205795,0.010442456227595542,-0.08669371155634664,-0.024203420835442913,0.009975971061273015,-0.0762512553287511,-0.014227449774169898,-0.03523027172695059,0.1838094077821122,-0.03523027172695059,76.28854719287709,0.0016927327583487939,-0.02497282153242706,-0.0898475914966352,-0.1211836338205114,0.7720335808754006,0.10066664826413375,-0.01020693135808324,0.1215860275625958,0.10010005952116517,-0.00881589038904425,0.12826103521051194,0.0005665887429685823,-0.0015314148714928918,-0.006675007647916106,0.0008051491729022189,-0.01020693135808324,0.1215860275625958,0.0007961113303235165,-0.00881589038904425,0.12826103521051194,0.0007913255100654164,-0.008675516486590349,1.3823662836802528e-05,-0.0015314148714928918,-0.006675007647916106,-0.0015080597323204725,-0.00632200118116652,-0.002766282872983373,0.03213269069837832,0.9981524462022585,0.9987686680049709,49,4560.0,4567.3,0.07945205479452055,29.0,12.190623882295098,0.12412438128058412,12.042044746239936,11.991708021672911,12.31633285912497,12.326775315352565,12.240081603796218,12.215878182960775,12.225854154022048
2023-11-29,0.5372942970815728,0.055176559021711924,0.27906228573808534,0.12458856459693379,0.06949323866023605,-0.04887632039627121,-0.038858340921585466,0.19408180325716984,-0.08773466131785668,0.09670831038246241,0.4405859866991104,0.09670831038246241,82.00086788418304,0.005266253600850082,0.056579130513627375,0.19593189439895933,0.02274554797210692,-0.7643194260994235,0.10549510641881865,-0.010286143804790216,0.12068215383937812,0.10066664826413375,-0.01020693135808324,0.1215860275625958,0.004828458154684898,-7.364494023016227e-06,-0.0009038737232177491,0.0008842391969074476,-0.010286143804790216,0.12068215383937812,0.0008051491729022189,-0.01020693135808324,0.1215860275625958,0.0008081755411460464,-0.0102787793107672,7.606365576140115e-05,-7.364494023016227e-06,-0.0009038737232177491,0.00027618332942745856,0.001504658112037649,0.0013146926155537288,-0.027872534263677362,0.9990758830971606,0.9981524462022585,53,4560.0,4569.8,0.07945205479452055,29.0,12.72791817937667,0.5458896798656809,12.190623882295098,12.24580044131681,12.524862727054895,12.649451291651829,12.718944530312065,12.670068209915794,12.631209868994208
2023-11-30,-0.39057307799061824,-0.395963672594398,0.07234411636216365,-0.07420925526414734,0.04935690528806802,-0.021765430271104336,-0.038961855730811124,-0.024852349976079324,-0.06072728600191546,0.018626114219610912,-0.40919919221022916,0.018626114219610912,95.23108087340871,0.00220104581015008,0.009314131527744374,0.00872585920174831,0.0010587227895575816,-0.25013622573736705,0.10540671415645286,-0.008863917035345767,0.12572588000522014,0.10549510641881865,-0.010286143804790216,0.12068215383937812,-8.839226236578845e-05,0.0004178532863806112,0.005043726165842102,0.0008827580446261498,-0.008863917035345767,0.12572588000522014,0.0008842391969074476,-0.010286143804790216,0.12068215383937812,0.0008435258572746039,-0.009281770321726378,3.923218735154589e-05,0.0004178532863806112,0.005043726165842102,0.0004073490315021685,0.005266340566823541,0.0008694085976082237,-0.023506666022963307,0.9993490760857826,0.9990758830971606,219,4560.0,4568.45,0.07945205479452055,29.0,12.337345101386052,-0.3039012649723869,12.72791817937667,12.331954506782273,12.404298623144436,12.330089367880289,12.379446273168357,12.357680842897253,12.318718987166442
2023-12-01,-0.18715510901350285,-0.5378297948523265,0.34525677828213297,0.11574839131944792,-0.13268011144358383,-0.0052471174422734634,0.026011525352469533,-0.016931720124135907,0.02076440791019607,0.0015852197706305304,-0.18874032878413338,0.0015852197706305304,99.15299145239142,0.0025390752208933384,-0.026130946317599366,-0.01502118633186314,-0.11133238039561999,0.40586680465068964,0.10511093152589436,-0.008547520891288319,0.12017661775297502,0.10540671415645286,-0.008863917035345767,0.12572588000522014,-0.0002957826305585026,-0.0008997028925959499,-0.0063479080062970455,0.0008475414299582332,-0.008547520891288319,0.12017661775297502,0.0008827580446261498,-0.008863917035345767,0.12572588000522014,0.000839893075639385,-0.007647817998692369,7.648354318848206e-06,-0.0008997028925959499,-0.0063479080062970455,-0.0009080882898204155,-0.006444246690553532,-0.0012081318732235571,-0.0021697923371157835,0.9997108966894709,0.9993490760857826,213,4585.0,4587.5,0.07945205479452055,29.0,12.15018999237255,-0.3036568754162623,12.337345101386052,11.799515306533726,12.144772084815859,12.260520476135307,12.127840364691723,12.12259324724945,12.148604772601919
2023-12-04,0.138638030180104,0.018481749421619398,-0.2099707624978766,0.05859350953794795,0.5130936095479051,-0.01492585257667045,-0.25193152726907897,0.571687119085853,-0.2668573798457494,0.025297304016257627,0.11334072616384638,0.025297304016257627,81.75298366300068,-0.004069684561291664,0.0813823748446698,0.13742421297515325,0.3601433043771116,-4.6967952236395965,0.10454076370838265,-0.007852669140166985,0.1196239850261286,0.10511093152589436,-0.008547520891288319,0.12017661775297502,-0.0005701678175117075,0.0018441799963192056,-0.00013698008227193414,0.0008683133343156851,-0.007852669140166985,0.1196239850261286,0.0008475414299582332,-0.008547520891288319,0.12017661775297502,0.0008927713109526294,-0.00969684913648619,-2.4457976636944358e-05,0.0018441799963192056,-0.00013698008227193414,0.002462628106064242,0.005485272367350885,0.006879916374003521,-0.10224823026559032,0.9982747739949374,0.9997108966894709,53,4605.0,4609.75,0.07671232876712329,28.0,12.288828022552654,0.2144133530391823,12.15018999237255,12.168671741794169,11.958700979296292,12.01729448883424,12.530388098382145,12.515462245805475,12.263530718536396
2023-12-05,0.01251103749001814,0.041598718682818614,0.11445124733203649,-0.20429147577942963,-0.045445847162380204,0.09235074306533164,0.01608727711112934,-0.24973732294180984,0.10843802017646098,-0.0022396257594881064,0.014750663249506246,-0.0022396257594881064,,-6.775433477731358e-05,0.012196972159651561,0.022435438611475674,-0.013772199882432244,0.27623794178211797,0.1054611111777457,-0.008110208771179225,0.11140929161875297,0.10454076370838265,-0.007852669140166985,0.1196239850261286,0.0009203474693630503,-0.0001766936705681968,-0.008214693407375642,0.0008836694059027409,-0.008110208771179225,0.11140929161875297,0.0008683133343156851,-0.007852669140166985,0.1196239850261286,0.0008709805444625746,-0.007933515100611029,1.2688861440166336e-05,-0.0001766936705681968,-0.008214693407375642,-0.0005537447340637543,-0.011730535522098781,-0.004137494223057171,0.08052863046731215,0.9995918514895032,0.9982747739949374,54,4580.0,4587.7,0.07945205479452055,29.0,12.301339060042672,-0.026823797298437313,12.288828022552654,12.330426741235472,12.444877988567509,12.240586512788079,12.195140665625699,12.28749140869103,12.30357868580216
2023-12-06,0.4333805074777395,0.29669747250892087,0.47958633076846624,-0.34503974019131256,-0.1486498666369016,0.10997733392052211,0.056602714348512606,-0.49368960682821417,0.16658004826903472,-0.015793737240468175,0.44917424471820766,-0.015793737240468175,96.35568813826279,0.0016844945294636402,0.04247238950282478,0.12114218058960323,-0.08427917215351516,0.9434935482133695,0.1082329352498004,-0.009315306868881016,0.10511795405411022,0.1054611111777457,-0.008110208771179225,0.11140929161875297,0.0027718240720547016,-0.0002995776300918178,-0.006291337564642938,0.0009307306298927047,-0.009315306868881016,0.10511795405411022,0.0008836694059027409,-0.008110208771179225,0.11140929161875297,0.0009184687641288774,-0.009015729238789199,1.226186576382723e-05,-0.0002995776300918178,-0.006291337564642938,-0.00036428654132234124,-0.0068251370543370715,-0.0006079335340666604,0.0015735350728317832,0.9996037897865696,0.9995918514895032,50,4580.0,4586.15,0.07945205479452055,29.0,12.734719567520411,0.4085229298049864,12.301339060042672,12.598036532551593,13.077622863320059,12.732583123128746,12.583933256491845,12.693910590412367,12.75051330476088
2023-12-07,-0.16966859048884686,-0.6668156841193902,0.4141695460331718,0.1078965051840104,0.13408397873585542,-0.07372962419143825,-0.0928005295642933,0.24198048391986582,-0.16653015375573155,0.007527217433237254,-0.17719580792208411,0.007527217433237254,95.56357637465489,0.004162817594143276,-0.04620263675092988,-0.1510410774768035,0.18089487365487858,-2.8920651394933192,0.11005212799457904,-0.007799099662302133,0.1132399807090332,0.1082329352498004,-0.009315306868881016,0.10511795405411022,0.0018191927447786388,-0.00014245548747711303,0.007735073903052211,0.0009622812476929344,-0.007799099662302133,0.1132399807090332,0.0009307306298927047,-0.009315306868881016,0.10511795405411022,0.0008640310121920751,-0.00765664417482502,9.82502355008593e-05,-0.00014245548747711303,0.007735073903052211,0.0004967184843998797,0.013714707824141845,0.00200298114388829,-0.04114472866690353,0.9986959697519356,0.9996037897865696,140,4560.0,4567.55,0.07945205479452055,29.0,12.565050977031564,-0.08269857614734555,12.734719567520411,12.067903883401021,12.482073429434193,12.589969934618203,12.724053913354059,12.65032428916262,12.557523759598327
2023-12-08,-0.7171976735417847,-0.43539544260108265,-0.5715365713208538,0.4006926297039666,-0.050754102102985144,-0.07579725599061682,0.02770109668490406,0.34993852760098143,-0.04809615930571276,-0.012108027915116892,-0.7050896456266678,-0.012108027915116892,98.31175861804975,-0.006099625475197309,-0.10895479607704824,-0.20084348969301075,0.007366347707218325,0.17902603868503336,0.10329917963303159,-0.007197603338209043,0.1166253992265457,0.11005212799457904,-0.007799099662302133,0.1132399807090332,-0.006752948361547453,-0.00038026432504851757,0.003446664461252219,0.0008185758201643978,-0.007197603338209043,0.1166253992265457,0.0009622812476929344,-0.007799099662302133,0.1132399807090332,0.0009306274621634053,-0.006817339013160525,-0.0001120516419990075,-0.00038026432504851757,0.003446664461252219,-0.0006528147556895533,0.0009815892713589958,-0.0006827301612316941,0.013303917970752928,0.9995513118367492,0.9986959697519356,139,4600.0,4603.4,0.07945205479452055,29.0,11.84785330348978,-0.7600678426523757,12.565050977031564,12.129655534430482,11.558118963109628,11.958811592813595,11.90805749071061,11.832260234719993,11.859961331404897
2023-12-11,0.20267173577135011,-0.3706534485503301,0.5038506293095821,0.33793093102395133,-0.16618150885457084,-0.15362977970620584,0.05220926120681035,0.1717494221693805,-0.10142051849939548,-0.0008543486578869164,0.20352608442923703,-0.0008543486578869164,99.57845692955885,0.004539057668850986,0.036733426012063614,0.05815139932372125,-0.2956360892385087,2.240972109419954,0.10259042284278341,-0.008049295972024277,0.11296330241891278,0.10329917963303159,-0.007197603338209043,0.1166253992265457,-0.0007087567902481773,-0.0018183175870600064,-0.0036620968076329224,0.0008362165778432103,-0.008049295972024277,0.11296330241891278,0.0008185758201643978,-0.007197603338209043,0.1166253992265457,0.0007907508303543211,-0.00623097838496427,4.546574748888921e-05,-0.0018183175870600064,-0.0036620968076329224,-0.002073137263746288,-0.0059488377284074995,-0.002954779167407001,0.028517041895735715,0.9998438569370768,0.9995513118367492,54,4620.0,4623.45,0.07671232876712329,28.0,12.05052503926113,0.1915913064649608,11.84785330348978,11.47719985493945,11.981050484249032,12.318981415272983,12.152799906418412,11.999170126712206,12.051379387919017
2023-12-12,-0.313137915700926,-0.29188453633999245,-0.8362505944509859,1.0845379803811355,0.10600011658149633,-0.4444814143919924,-0.03781318504752562,1.1905380969626318,-0.482294599439518,0.10675371756693863,-0.4198916332678646,0.10675371756693863,65.90840258740889,-0.004564344236224544,-0.08264978687917829,-0.052472199846746045,-0.1781730160289154,2.488762908433911,0.09583325516244302,-0.008104351984389462,0.12142079947225354,0.10259042284278341,-0.008049295972024277,0.11296330241891278,-0.00675716768034039,-0.0009373767423329097,0.007860845974955802,0.0007296886878242944,-0.008104351984389462,0.12142079947225354,0.0008362165778432103,-0.008049295972024277,0.11296330241891278,0.0008065447240954281,-0.007166975242056552,-7.68560362711337e-05,-0.0009373767423329097,0.007860845974955802,-0.0010240084882057725,0.00691374615102934,-0.003035382904367662,0.046524230558848315,0.9994835396025139,0.9998438569370768,56,4640.0,4642.65,0.07945205479452055,29.0,11.737387123560204,-0.3289192004209802,12.05052503926113,11.758640502921137,10.922389908470151,12.006927888851287,12.112928005432783,11.66844659104079,11.630633405993265
2023-12-13,0.095848889514631,-0.8992775938213686,0.5241104006167099,0.6104050204767404,0.03265553657345954,-0.13999779090720565,-0.04052552034709578,0.6430605570501999,-0.18052331125430143,0.008478836923391242,0.08737005259123976,0.008478836923391242,91.15395393068484,0.0012343395691672711,-0.2361143391856689,-0.6822987833763346,0.23542080492656658,-2.704795081376611,0.09650678545628266,-0.005879944386335738,0.13844369191591296,0.09583325516244302,-0.008104351984389462,0.12142079947225354,0.0006735302938396387,-0.0011723630534952343,0.016978214208529754,0.0007399814507782033,-0.005879944386335738,0.13844369191591296,0.0007296886878242944,-0.008104351984389462,0.12142079947225354,0.0006401046694257079,-0.004707581332840504,9.987678135249544e-05,-0.0011723630534952343,0.016978214208529754,-0.0011099918660043492,0.017720201015255996,0.0010160762014552105,-0.02108021839635074,0.9990294724013427,0.9994835396025139,55,4660.0,4660.4,0.07945205479452055,29.0,11.833236013074835,0.13716029353434323,11.737387123560204,10.838109529738835,11.362219930355545,11.972624950832286,12.005280487405745,11.86528269649854,11.824757176151444
2023-12-14,0.09495741783312184,-0.14429230033768015,-0.15293772211915702,0.7509983003424097,-0.043482438053970895,-0.3682789886693367,-0.0065304849150233935,0.7075158622884388,-0.3748094735843601,0.05948105158588035,0.035476366247241486,0.05948105158588035,37.36028954534931,-0.0023040531578497024,-0.15711782108665157,-0.3792942550375535,0.026703993630187762,-0.4986397230748283,0.09726992526812307,-0.006469813687215679,0.14502281607651557,0.09650678545628266,-0.005879944386335738,0.13844369191591296,0.0007631398118404104,-0.0013300186970306282,0.006579124160602745,0.0007517307191460855,-0.006469813687215679,0.14502281607651557,0.0007399814507782033,-0.005879944386335738,0.13844369191591296,0.0007252529836801436,-0.005139794990185051,2.6477735465941848e-05,-0.0013300186970306282,0.006579124160602745,-0.0010334000223510128,0.009230839572681587,-0.0015599749799362988,0.00028392732913240515,0.9996164629270864,0.9990294724013427,153,4725.0,4726.0,0.07945205479452055,29.0,11.928193430907957,0.13592976977764337,11.833236013074835,11.688943712737155,11.536005990617998,12.287004290960407,12.243521852906436,11.8752428642371,11.868712379322076
2023-12-15,-0.21126060124471202,-0.17540208438210492,0.21880556576940968,-0.12722378085289243,-0.026339986455560904,-0.05798174835267922,0.006413207904969909,-0.15356376730845334,-0.05156854044770931,-0.04953177487585414,-0.16172882636885788,-0.04953177487585414,76.55418256692387,0.002445278358113677,0.03281304936302916,-0.014297020774436396,-0.0652159275373683,0.5236227934002172,0.0978640598078857,-0.006271414204651475,0.14053726002788536,0.09726992526812307,-0.006469813687215679,0.14502281607651557,0.0005941345397626335,0.0002534923595475594,-0.004485556048630379,0.0007347026785158357,-0.006271414204651475,0.14053726002788536,0.0007517307191460855,-0.006469813687215679,0.14502281607651557,0.0007529648637855481,-0.006524906564199034,-1.826218526971245e-05,0.0002534923595475594,-0.004485556048630379,0.00016632769308395998,-0.005252512405057974,0.0006468192153355002,-0.010020509704898692,0.9988971688647504,0.9996164629270864,152,4735.0,4738.65,0.07945205479452055,29.0,11.716932829663245,-0.18245589131692874,11.928193430907957,11.752791346525852,11.971596912295261,11.844373131442369,11.818033144986808,11.760051396634129,11.766464604539099
2023-12-18,0.3033193888560568,-0.5648890831712148,1.1771714372818636,0.0003078352638681281,-0.27389535300060963,0.006497957959357592,0.061462537945397244,-0.2735875177367415,0.06796049590475484,-0.10333594342260533,0.40665533227866213,-0.10333594342260533,65.93163931513642,0.008180303355258989,0.07709783125618316,0.055054894710134875,-0.3451134853594684,2.1923686837520995,0.09844397757522083,-0.006780595595377698,0.1364127854906579,0.0978640598078857,-0.006271414204651475,0.14053726002788536,0.0005799177673351252,-0.0018853990026020595,-0.004534623828379686,0.0007699870819290052,-0.006780595595377698,0.1364127854906579,0.0007347026785158357,-0.006271414204651475,0.14053726002788536,0.000706970388150947,-0.004895196592775639,6.301669377805827e-05,-0.0018853990026020595,-0.004534623828379686,-0.0020907960400330626,-0.006206434024858293,-0.0021516709748049864,0.013217801237644669,0.9987511263557403,0.9988971688647504,62,4735.0,4737.75,0.07671232876712329,28.0,12.020252218519301,0.25967549392957245,11.716932829663245,11.15204374649203,12.329215183773893,12.329523019037762,12.055627666037152,12.06212562399651,12.123588161941907
2023-12-19,0.16064641849014905,-0.42965053998898917,0.7171397349392681,0.1173735836902523,-0.12853480692831987,-0.10219744137428854,0.02167797191648191,-0.011161223238067564,-0.08051946945780664,-0.03516208376425567,0.19580850225440471,-0.03516208376425567,78.11212718295874,0.0052075457157108405,-0.030042825981822088,-0.14701478304404753,-0.09440222817926093,0.2718121271766036,0.10113852956752208,-0.006500901753128344,0.13706538973930876,0.09844397757522083,-0.006780595595377698,0.1364127854906579,0.0026945519923012445,-0.0012382944888819627,-0.0004017924289150543,0.000812715240354344,-0.006500901753128344,0.13706538973930876,0.0007699870819290052,-0.006780595595377698,0.1364127854906579,0.0007329330619884621,-0.005262607264246382,7.978217836588199e-05,-0.0012382944888819627,-0.0004017924289150543,-0.001688807810974257,-0.005129015792304986,-0.0014522414266113781,0.002323302606225708,0.9996034440653772,0.9987511263557403,56,4760.0,4760.7,0.07945205479452055,29.0,12.18089863700945,0.1256499459660727,12.020252218519301,11.590601678530312,12.30774141346958,12.425114997159833,12.296580190231513,12.194382748857224,12.216060720773706
2023-12-20,1.1810914642586336,1.1013646115983118,-0.18876512474382245,0.0049650610859810484,0.2458939033429708,0.011391850494629097,-0.06836589376307245,0.25085896442895184,-0.05697404326844335,0.07460705624363584,1.1064844080149978,0.07460705624363584,93.68321095348307,0.0006609186679539949,0.019182640232198855,0.055344298576598366,0.21164144233048288,-0.9529377046792824,0.11248838189086949,-0.008778321545838155,0.13587999492787337,0.10113852956752208,-0.006500901753128344,0.13706538973930876,0.011349852323347412,0.001575555746156039,0.0002717174581541859,0.0010053573856228953,-0.008778321545838155,0.13587999492787337,0.000812715240354344,-0.006500901753128344,0.13706538973930876,0.0009355323544014966,-0.010353877291994194,6.982503122139865e-05,0.001575555746156039,0.0002717174581541859,0.0015244740776926523,-0.00011797090583151593,0.0013863888476684898,0.0035163031513226473,0.9993825348701315,0.9996034440653772,57,4780.0,4787.65,0.07945205479452055,29.0,13.361990101268084,1.206746273431456,12.18089863700945,13.282263248607762,13.09349812386394,13.098463184949921,13.344357088292892,13.35574893878752,13.287383045024448
2023-12-21,-0.27258701782306183,-0.6031389451029021,0.41037861229398587,0.21441166663330335,-0.2430337716374904,-0.10215145486968602,0.05391719139990414,-0.02862210500418705,-0.04823426346978188,-0.002970316540176654,-0.2696167012828852,-0.002970316540176654,98.91032354955924,0.002125274528459967,-0.06522164203425765,-0.14078208427613279,-0.15193657901613195,0.8714736843871193,0.11078926455839345,-0.008402360798164069,0.1320540511131677,0.11248838189086949,-0.008778321545838155,0.13587999492787337,-0.0016991173324760328,-0.0023254265290662216,-0.005128973092742822,0.0009752152687679486,-0.008402360798164069,0.1320540511131677,0.0010053573856228953,-0.008778321545838155,0.13587999492787337,0.0009300350826062221,-0.006076934269097847,4.5180186161726575e-05,-0.0023254265290662216,-0.005128973092742822,-0.0027831633507219185,-0.00879920550284255,-0.002780167491229003,-0.0006447492300510338,0.9996922034565758,0.9993825348701315,217,4720.0,4720.05,0.07945205479452055,29.0,13.089403083445022,-0.30790617257286534,13.361990101268084,12.758851156165182,13.169229768459168,13.383641435092471,13.14060766345498,13.038456208585295,13.092373399985199
2023-12-22,-0.6218724534328981,-0.2791575616767563,-0.5010529756549005,0.11808211095462795,0.14621646552213896,-0.05516030079193435,-0.06770715764084123,0.2642985764767669,-0.12286745843277558,0.016906965854767364,-0.6387794192876655,0.016906965854767364,97.2812807897445,-0.001728395015533419,0.024725436990035102,0.06493715579227106,0.0035307238331527013,-0.11449613953765651,0.10607911821450172,-0.0073621253926937115,0.1302641717317505,0.11078926455839345,-0.008402360798164069,0.1320540511131677,-0.004710146343891733,0.000645006324746426,-0.001842053174259728,0.0008632269068291903,-0.0073621253926937115,0.1302641717317505,0.0009752152687679486,-0.008402360798164069,0.1320540511131677,0.0009627234784807213,-0.008007131717440137,-9.949657165153093e-05,0.000645006324746426,-0.001842053174259728,0.0016635963533049771,0.007018711311143261,0.0018995172735076261,-0.020284309915832258,0.9993314976400453,0.9996922034565758,210,4765.0,4766.95,0.07945205479452055,29.0,12.467530630012124,-0.5676883373198951,13.089403083445022,12.810245521768266,12.309192546113366,12.427274657067994,12.573491122590132,12.518330821798198,12.450623664157357
2023-12-26,0.10649622442689477,-0.35039784006632146,0.2822578462245069,0.5305522429507583,-0.13822142570062113,-0.25895485372352134,0.019920989048209492,0.3923308172501372,-0.23903386467531185,0.021339265693884002,0.08515695873301077,0.021339265693884002,79.96242044380408,0.0038364021428954173,0.0138901095680741,0.0220122755176086,-0.26358367192780446,1.4103084490347069,0.1053998628925227,-0.008027040621271778,0.12650575181807824,0.10607911821450172,-0.0073621253926937115,0.1302641717317505,-0.0006792553219790165,-0.001975557813819545,-0.004137019452489815,0.0008826432926989451,-0.008027040621271778,0.12650575181807824,0.0008632269068291903,-0.0073621253926937115,0.1302641717317505,0.0008284583135899804,-0.006051482807452233,5.4184979108964676e-05,-0.001975557813819545,-0.004137019452489815,-0.002385244892109899,-0.0076081029958672,-0.0018051074685316087,-0.006325443350573279,0.999543752963532,0.9993314976400453,55,4770.0,4774.1,0.07671232876712329,28.0,12.574026854439019,0.10068349778227947,12.467530630012124,12.117132789945803,12.39939063617031,12.929942879121068,12.791721453420447,12.532766599696926,12.552687588745135
2023-12-27,-0.6371615205664938,-0.195587722921033,-0.30360471037541537,-0.18673590095439074,-0.05935009950981396,0.12450160707225777,0.02977849768685914,-0.2460860004642047,0.1542801047591169,-0.04616319156495763,-0.5909983290015361,-0.04616319156495763,92.75486825947769,-0.004254280136243111,-0.02083732785539916,-0.07109020668467346,0.048928840635504414,-0.3266849986968127,0.10081733303335463,-0.007180778435938846,0.12743752588672183,0.1053998628925227,-0.008027040621271778,0.12650575181807824,-0.004582529859168072,0.0004010674063293154,0.0009317740686436982,0.0008075613823528545,-0.007180778435938846,0.12743752588672183,0.0008826432926989451,-0.008027040621271778,0.12650575181807824,0.0008689107258793355,-0.007581845842268162,-6.134934352648095e-05,0.0004010674063293154,0.0009317740686436982,0.0004433463238040676,0.0013632485770265768,0.001521095226005107,-0.01763266838501075,0.9989667982336031,0.999543752963532,54,4790.0,4798.05,0.07945205479452055,29.0,11.936865333872525,-0.6411884607319678,12.574026854439019,12.378439131517986,12.07483442114257,11.88809852018818,11.828748420678366,11.953250027750624,11.983028525437483
2023-12-28,0.04821567066730026,0.07253629525842697,0.0516286606060401,-0.10733468658255241,-0.03737886442226923,0.03703868832768009,0.010030369733758704,-0.14471355100482164,0.047069058061438795,0.021695207746216028,0.02652046292108423,0.021695207746216028,,-0.0002504003739569079,-0.02182137378900457,-0.052781856016329044,0.04051144567244449,-0.3391919158128616,0.10231918073438093,-0.0072646513003413946,0.12581353210478527,0.10081733303335463,-0.007180778435938846,0.12743752588672183,0.0015018477010262932,-3.614395037412465e-05,-0.0016239937819366723,0.0008318006236671023,-0.0072646513003413946,0.12581353210478527,0.0008075613823528545,-0.007180778435938846,0.12743752588672183,0.0008089105523828392,-0.00722850734996727,2.2890071284263126e-05,-3.614395037412465e-05,-0.0016239937819366723,-1.928049795838025e-05,-0.0015986144653135081,-0.002084230469620603,0.031277232126708354,0.9997878116354298,0.9989667982336031,152,4800.0,4806.5,0.07945205479452055,29.0,11.985081004539825,0.007456491690158273,11.936865333872525,12.009401629130952,12.061030289736992,11.95369560315444,11.91631673873217,11.95335542705985,11.96338579679361
2023-12-29,-0.24869120539602108,0.038205965397891006,-0.3975913526144268,-0.058981413576677966,0.07015147520776388,0.0880598701813966,-0.016627435996849016,0.011170061631085915,0.07143243418454759,0.02809168600488121,-0.2767828914009023,0.02809168600488121,88.70419001743652,-0.003355759998291036,-0.0038824835453400283,0.066464545875152,0.040968322728409556,0.01052224844255988,0.10104542730676738,-0.007307715073319037,0.12145736337437918,0.10231918073438093,-0.0072646513003413946,0.12581353210478527,-0.0012737534276135443,0.0007099248090585665,-0.004324498394963072,0.0007832465606274026,-0.007307715073319037,0.12145736337437918,0.0008318006236671023,-0.0072646513003413946,0.12581353210478527,0.0008547264258223043,-0.008017639882377603,-7.147986519490167e-05,0.0007099248090585665,-0.004324498394963072,0.0008960110475187688,-0.0026556368896338556,0.0016303575832819226,-0.024595761925210027,0.9995833652328476,0.9997878116354298,151,4805.0,4805.6,0.07945205479452055,29.0,11.736389799143804,-0.24166902602725138,11.985081004539825,12.023286969937717,11.62569561732329,11.566714203746612,11.636865678954376,11.724925549135772,11.708298113138923
